-- MySQL dump 10.13  Distrib 8.0.40, for Win64 (x86_64)
--
-- Host: 127.0.0.1    Database: inventory_management
-- ------------------------------------------------------
-- Server version	8.0.40

/*!40101 SET @OLD_CHARACTER_SET_CLIENT=@@CHARACTER_SET_CLIENT */;
/*!40101 SET @OLD_CHARACTER_SET_RESULTS=@@CHARACTER_SET_RESULTS */;
/*!40101 SET @OLD_COLLATION_CONNECTION=@@COLLATION_CONNECTION */;
/*!50503 SET NAMES utf8 */;
/*!40103 SET @OLD_TIME_ZONE=@@TIME_ZONE */;
/*!40103 SET TIME_ZONE='+00:00' */;
/*!40014 SET @OLD_UNIQUE_CHECKS=@@UNIQUE_CHECKS, UNIQUE_CHECKS=0 */;
/*!40014 SET @OLD_FOREIGN_KEY_CHECKS=@@FOREIGN_KEY_CHECKS, FOREIGN_KEY_CHECKS=0 */;
/*!40101 SET @OLD_SQL_MODE=@@SQL_MODE, SQL_MODE='NO_AUTO_VALUE_ON_ZERO' */;
/*!40111 SET @OLD_SQL_NOTES=@@SQL_NOTES, SQL_NOTES=0 */;

--
-- Table structure for table `audit_log`
--

DROP TABLE IF EXISTS `audit_log`;
/*!40101 SET @saved_cs_client     = @@character_set_client */;
/*!50503 SET character_set_client = utf8mb4 */;
CREATE TABLE `audit_log` (
  `id` int NOT NULL AUTO_INCREMENT,
  `user_id` int DEFAULT NULL,
  `action` varchar(255) DEFAULT NULL,
  `timestamp` timestamp NULL DEFAULT CURRENT_TIMESTAMP,
  PRIMARY KEY (`id`),
  KEY `user_id` (`user_id`),
  CONSTRAINT `audit_log_ibfk_1` FOREIGN KEY (`user_id`) REFERENCES `users` (`id`)
) ENGINE=InnoDB DEFAULT CHARSET=utf8mb4 COLLATE=utf8mb4_0900_ai_ci;
/*!40101 SET character_set_client = @saved_cs_client */;

--
-- Dumping data for table `audit_log`
--

LOCK TABLES `audit_log` WRITE;
/*!40000 ALTER TABLE `audit_log` DISABLE KEYS */;
/*!40000 ALTER TABLE `audit_log` ENABLE KEYS */;
UNLOCK TABLES;

--
-- Table structure for table `borrow_requests`
--

DROP TABLE IF EXISTS `borrow_requests`;
/*!40101 SET @saved_cs_client     = @@character_set_client */;
/*!50503 SET character_set_client = utf8mb4 */;
CREATE TABLE `borrow_requests` (
  `id` int NOT NULL AUTO_INCREMENT,
  `user_id` int DEFAULT NULL,
  `borrower_name` varchar(255) DEFAULT NULL,
  `department` varchar(255) DEFAULT NULL,
  `phone` varchar(20) DEFAULT NULL,
  `email` varchar(255) DEFAULT NULL,
  `material` varchar(255) DEFAULT NULL,
  `category` varchar(255) DEFAULT NULL,
  `equipment` varchar(255) DEFAULT NULL,
  `brand` varchar(255) DEFAULT NULL,
  `quantity_requested` int DEFAULT NULL,
  `note` text,
  `status` enum('Pending','Approved','Rejected','Received','Returned','WaitingReceive') DEFAULT NULL,
  `note_approver` text,
  `approved_by` varchar(255) DEFAULT NULL,
  `date_approved` date DEFAULT NULL,
  `received_by` varchar(255) DEFAULT NULL,
  `date_received` date DEFAULT NULL,
  `notification_status` tinyint(1) DEFAULT '0',
  `created_at` timestamp NULL DEFAULT CURRENT_TIMESTAMP,
  `updated_at` timestamp NULL DEFAULT CURRENT_TIMESTAMP ON UPDATE CURRENT_TIMESTAMP,
  `request_date` date DEFAULT NULL,
  `return_date` date DEFAULT NULL,
  `equipment_number` varchar(255) DEFAULT '-',
  `serial_number` varchar(255) DEFAULT '-',
  PRIMARY KEY (`id`)
) ENGINE=InnoDB AUTO_INCREMENT=9 DEFAULT CHARSET=utf8mb4 COLLATE=utf8mb4_0900_ai_ci;
/*!40101 SET character_set_client = @saved_cs_client */;

--
-- Dumping data for table `borrow_requests`
--

LOCK TABLES `borrow_requests` WRITE;
/*!40000 ALTER TABLE `borrow_requests` DISABLE KEYS */;
INSERT INTO `borrow_requests` VALUES (1,3,'นางสาว สมฤทัย','สำนักผู้ว่าการ','235731325','test17@sat.or.th','P1440FA','อุปกรณ์คอมพิวเตอร์','คอมพิวเตอร์','ASUS',1,'','Returned',NULL,'ชื่อผู้อนุมัติ','2025-02-17','นางสาว สมฤทัย','2025-02-20',0,'2025-02-17 02:33:35','2025-02-25 04:35:54','2025-02-17','2025-02-25','-','-'),(2,22,'นางสาว บี','ฝ่ายการคลัง','023456789','test22@sat.or.th','P1440FA',NULL,'คอมพิวเตอร์','ASUS',1,NULL,'Rejected',NULL,'Admin','2025-02-27',NULL,NULL,0,'2025-02-19 07:29:14','2025-02-27 03:17:40','2025-02-19','2025-03-08','-','-'),(3,22,'นางสาว บี','ฝ่ายการคลัง','023456789','test22@sat.or.th','20X2S75N00',NULL,'คอมพิวเตอร์','LENOVO',1,'ไม่สามารถอนุมัติได้','Rejected',NULL,'ชื่อผู้อนุมัติ','2025-02-19',NULL,NULL,0,'2025-02-19 07:52:23','2025-02-19 08:20:01','2025-02-19','2025-03-28','-','-'),(4,22,'นางสาว บี','ฝ่ายการคลัง','023456789','test22@sat.or.th','20X2S75N22',NULL,'คอมพิวเตอร์','LENOVO',1,'---','Rejected',NULL,'ชื่อผู้อนุมัติ','2025-02-19',NULL,NULL,0,'2025-02-19 07:55:32','2025-02-19 08:19:33','2025-02-19','2025-04-05','-','-'),(5,22,'นางสาว บี','ฝ่ายการคลัง','023456789','test22@sat.or.th','20X2S75N00',NULL,'คอมพิวเตอร์','LENOVO',1,NULL,'Rejected',NULL,'Admin','2025-02-27',NULL,NULL,0,'2025-02-19 08:34:35','2025-02-27 03:10:57','2025-02-19','2025-04-10','-','-'),(6,3,'นางสาว สมฤทัย','ฝ่ายตรวจสอบภายใน','235731325','test17@sat.or.th','TN-3448','วัสดุคอมพิวเตอร์','หมึกพิมพ์','Brother HL-L6200DW',1,NULL,'Rejected',NULL,'Admin','2025-02-27',NULL,NULL,0,'2025-02-25 07:09:53','2025-02-27 03:08:28','2025-02-25','2025-03-01',NULL,NULL),(7,3,'นางสาว สมฤทัย','ฝ่ายตรวจสอบภายใน','235731325','test17@sat.or.th','P1440FA','อุปกรณ์คอมพิวเตอร์','คอมพิวเตอร์','ASUS',1,'-','Pending',NULL,NULL,NULL,NULL,NULL,0,'2025-02-26 03:18:48','2025-02-26 03:18:48','2025-02-26','2025-03-26','9D-02-03-031/63','KBNXCV09T56147D'),(8,28,'นางสาว อุ๊บอิ๊บ','ฝ่ายนโยบายและแผน','213459999','test5@sat.or.th','TN-3448','วัสดุคอมพิวเตอร์','หมึกพิมพ์','Brother HL-L6200DW',1,'ยืมไม่ได้','Rejected',NULL,'Admin','2025-02-27',NULL,NULL,0,'2025-02-26 04:45:21','2025-02-27 02:55:46','2025-02-26','2025-03-14','-','-');
/*!40000 ALTER TABLE `borrow_requests` ENABLE KEYS */;
UNLOCK TABLES;

--
-- Table structure for table `brands`
--

DROP TABLE IF EXISTS `brands`;
/*!40101 SET @saved_cs_client     = @@character_set_client */;
/*!50503 SET character_set_client = utf8mb4 */;
CREATE TABLE `brands` (
  `id` int NOT NULL AUTO_INCREMENT,
  `name` varchar(255) NOT NULL,
  `category` varchar(50) NOT NULL,
  PRIMARY KEY (`id`),
  UNIQUE KEY `name` (`name`)
) ENGINE=InnoDB AUTO_INCREMENT=43 DEFAULT CHARSET=utf8mb4 COLLATE=utf8mb4_0900_ai_ci;
/*!40101 SET character_set_client = @saved_cs_client */;

--
-- Dumping data for table `brands`
--

LOCK TABLES `brands` WRITE;
/*!40000 ALTER TABLE `brands` DISABLE KEYS */;
INSERT INTO `brands` VALUES (1,'Imation','วัสดุ'),(2,'Compex','วัสดุ'),(3,'Asus','อุปกรณ์'),(4,'HP LASERJET','วัสดุ'),(5,'Panasonic','วัสดุ'),(6,'NEC','วัสดุ'),(7,'Xerox','วัสดุ'),(8,'Genius','วัสดุ'),(9,'Seagate','วัสดุ'),(10,'P&A','วัสดุ'),(11,'AMP','วัสดุ'),(12,'Lexmark','วัสดุ'),(13,'Kyocera','วัสดุ'),(14,'SAMSUNG','วัสดุ'),(15,'EPSON','วัสดุ'),(16,'Soccomec','อุปกรณ์'),(17,'Syndome','อุปกรณ์'),(18,'E power','อุปกรณ์'),(19,'Stony','อุปกรณ์'),(21,'LENOVO','อุปกรณ์'),(22,'Brother','วัสดุ'),(23,'CANON','วัสดุ'),(41,'Acer','ทั่วไป');
/*!40000 ALTER TABLE `brands` ENABLE KEYS */;
UNLOCK TABLES;

--
-- Table structure for table `categories`
--

DROP TABLE IF EXISTS `categories`;
/*!40101 SET @saved_cs_client     = @@character_set_client */;
/*!50503 SET character_set_client = utf8mb4 */;
CREATE TABLE `categories` (
  `id` int NOT NULL AUTO_INCREMENT,
  `name` varchar(255) NOT NULL,
  `type` varchar(50) NOT NULL,
  PRIMARY KEY (`id`)
) ENGINE=InnoDB AUTO_INCREMENT=7 DEFAULT CHARSET=utf8mb4 COLLATE=utf8mb4_0900_ai_ci;
/*!40101 SET character_set_client = @saved_cs_client */;

--
-- Dumping data for table `categories`
--

LOCK TABLES `categories` WRITE;
/*!40000 ALTER TABLE `categories` DISABLE KEYS */;
INSERT INTO `categories` VALUES (1,'วัสดุคอมพิวเตอร์','ประเภททั่วไป'),(2,'อุปกรณ์คอมพิวเตอร์','อุปกรณ์');
/*!40000 ALTER TABLE `categories` ENABLE KEYS */;
UNLOCK TABLES;

--
-- Table structure for table `dashboard_summary`
--

DROP TABLE IF EXISTS `dashboard_summary`;
/*!40101 SET @saved_cs_client     = @@character_set_client */;
/*!50503 SET character_set_client = utf8mb4 */;
CREATE TABLE `dashboard_summary` (
  `id` int NOT NULL AUTO_INCREMENT,
  `update_date` timestamp NULL DEFAULT CURRENT_TIMESTAMP,
  `request_summary` json DEFAULT NULL,
  `product_summary` json DEFAULT NULL,
  PRIMARY KEY (`id`)
) ENGINE=InnoDB DEFAULT CHARSET=utf8mb4 COLLATE=utf8mb4_0900_ai_ci;
/*!40101 SET character_set_client = @saved_cs_client */;

--
-- Dumping data for table `dashboard_summary`
--

LOCK TABLES `dashboard_summary` WRITE;
/*!40000 ALTER TABLE `dashboard_summary` DISABLE KEYS */;
/*!40000 ALTER TABLE `dashboard_summary` ENABLE KEYS */;
UNLOCK TABLES;

--
-- Table structure for table `departments`
--

DROP TABLE IF EXISTS `departments`;
/*!40101 SET @saved_cs_client     = @@character_set_client */;
/*!50503 SET character_set_client = utf8mb4 */;
CREATE TABLE `departments` (
  `id` int NOT NULL AUTO_INCREMENT,
  `name` varchar(255) NOT NULL,
  `type` enum('ฝ่าย/สำนัก','เลขา') NOT NULL,
  PRIMARY KEY (`id`)
) ENGINE=InnoDB AUTO_INCREMENT=22 DEFAULT CHARSET=utf8mb4 COLLATE=utf8mb4_0900_ai_ci;
/*!40101 SET character_set_client = @saved_cs_client */;

--
-- Dumping data for table `departments`
--

LOCK TABLES `departments` WRITE;
/*!40000 ALTER TABLE `departments` DISABLE KEYS */;
INSERT INTO `departments` VALUES (1,' รองผู้ว่าการฝ่ายกีฬาอาชีพและกีฬามวย','เลขา'),(2,'รองผู้ว่าการฝ่ายส่งเสริมกีฬา','เลขา'),(3,'รองผู้ว่าการฝ่ายกีฬาเป็นเลิศและวิทยาศาสตร์การกีฬา','เลขา'),(4,'รองผู้ว่าการฝ่ายยุทธศาสตร์และเทคโนโลยีสารสนเทศ','เลขา'),(5,'รองผู้ว่าการฝ่ายบริหาร','เลขา'),(6,'ฝ่ายตรวจสอบภายใน','ฝ่าย/สำนัก'),(7,'สำนักผู้ว่าการ','ฝ่าย/สำนัก'),(8,'สำนักงานควบคุมการใช้สารต้องห้ามทางการกีฬา','ฝ่าย/สำนัก'),(9,'ฝ่ายการคลังกองทุน','ฝ่าย/สำนัก'),(10,'สำนักกฎหมาย','ฝ่าย/สำนัก'),(11,'ฝ่ายการคลัง','ฝ่าย/สำนัก'),(12,'ฝ่ายทรัพยากรบุคคล','ฝ่าย/สำนัก'),(13,'ฝ่ายนโยบายและแผน','ฝ่าย/สำนัก'),(14,'ฝ่ายเทคโนโลยีสารสนเทศ','ฝ่าย/สำนัก'),(15,'ฝ่ายพัฒนากีฬาเป็นเลิศ','ฝ่าย/สำนัก'),(16,'ฝ่ายวิทยาศาสตร์การกีฬา','ฝ่าย/สำนัก'),(17,'สำนักงานคณะกรรมการกีฬาอาชีพ','ฝ่าย/สำนัก'),(18,'สำนักงานคณะกรรมการกีฬามวย','ฝ่าย/สำนัก'),(19,'ฝ่ายธุรกิจกีฬา','ฝ่าย/สำนัก'),(20,'ฝ่ายกีฬาภูมิภาค','ฝ่าย/สำนัก'),(21,'ฝ่ายวิศวกรรมกีฬา','ฝ่าย/สำนัก');
/*!40000 ALTER TABLE `departments` ENABLE KEYS */;
UNLOCK TABLES;

--
-- Table structure for table `email_notifications`
--

DROP TABLE IF EXISTS `email_notifications`;
/*!40101 SET @saved_cs_client     = @@character_set_client */;
/*!50503 SET character_set_client = utf8mb4 */;
CREATE TABLE `email_notifications` (
  `id` int NOT NULL AUTO_INCREMENT,
  `user_id` int DEFAULT NULL,
  `email_sent_at` timestamp NULL DEFAULT CURRENT_TIMESTAMP,
  `status` varchar(50) DEFAULT NULL,
  `message` text,
  PRIMARY KEY (`id`),
  KEY `user_id` (`user_id`),
  CONSTRAINT `email_notifications_ibfk_1` FOREIGN KEY (`user_id`) REFERENCES `users` (`id`)
) ENGINE=InnoDB DEFAULT CHARSET=utf8mb4 COLLATE=utf8mb4_0900_ai_ci;
/*!40101 SET character_set_client = @saved_cs_client */;

--
-- Dumping data for table `email_notifications`
--

LOCK TABLES `email_notifications` WRITE;
/*!40000 ALTER TABLE `email_notifications` DISABLE KEYS */;
/*!40000 ALTER TABLE `email_notifications` ENABLE KEYS */;
UNLOCK TABLES;

--
-- Table structure for table `equipment_names`
--

DROP TABLE IF EXISTS `equipment_names`;
/*!40101 SET @saved_cs_client     = @@character_set_client */;
/*!50503 SET character_set_client = utf8mb4 */;
CREATE TABLE `equipment_names` (
  `id` int NOT NULL AUTO_INCREMENT,
  `name` varchar(255) NOT NULL,
  PRIMARY KEY (`id`),
  UNIQUE KEY `name` (`name`)
) ENGINE=InnoDB AUTO_INCREMENT=2 DEFAULT CHARSET=utf8mb4 COLLATE=utf8mb4_0900_ai_ci;
/*!40101 SET character_set_client = @saved_cs_client */;

--
-- Dumping data for table `equipment_names`
--

LOCK TABLES `equipment_names` WRITE;
/*!40000 ALTER TABLE `equipment_names` DISABLE KEYS */;
INSERT INTO `equipment_names` VALUES (1,'เมาส์');
/*!40000 ALTER TABLE `equipment_names` ENABLE KEYS */;
UNLOCK TABLES;

--
-- Table structure for table `inventory_log`
--

DROP TABLE IF EXISTS `inventory_log`;
/*!40101 SET @saved_cs_client     = @@character_set_client */;
/*!50503 SET character_set_client = utf8mb4 */;
CREATE TABLE `inventory_log` (
  `id` int NOT NULL AUTO_INCREMENT,
  `product_id` int DEFAULT NULL,
  `quantity_changed` int DEFAULT NULL,
  `action` enum('borrow','return') NOT NULL,
  `log_date` timestamp NULL DEFAULT CURRENT_TIMESTAMP,
  PRIMARY KEY (`id`),
  KEY `inventory_log_ibfk_1` (`product_id`),
  CONSTRAINT `inventory_log_ibfk_1` FOREIGN KEY (`product_id`) REFERENCES `products` (`id`)
) ENGINE=InnoDB AUTO_INCREMENT=3 DEFAULT CHARSET=utf8mb4 COLLATE=utf8mb4_0900_ai_ci;
/*!40101 SET character_set_client = @saved_cs_client */;

--
-- Dumping data for table `inventory_log`
--

LOCK TABLES `inventory_log` WRITE;
/*!40000 ALTER TABLE `inventory_log` DISABLE KEYS */;
/*!40000 ALTER TABLE `inventory_log` ENABLE KEYS */;
UNLOCK TABLES;

--
-- Table structure for table `loan_return_requests`
--

DROP TABLE IF EXISTS `loan_return_requests`;
/*!40101 SET @saved_cs_client     = @@character_set_client */;
/*!50503 SET character_set_client = utf8mb4 */;
CREATE TABLE `loan_return_requests` (
  `id` int NOT NULL AUTO_INCREMENT,
  `product_id` int DEFAULT NULL,
  `user_id` int DEFAULT NULL,
  `request_date` timestamp NULL DEFAULT CURRENT_TIMESTAMP,
  `return_date` timestamp NULL DEFAULT NULL,
  `approval_status` enum('pending','approved','rejected') DEFAULT 'pending',
  `remarks` text,
  `updatedAt` timestamp NULL DEFAULT CURRENT_TIMESTAMP ON UPDATE CURRENT_TIMESTAMP,
  `quantity` int DEFAULT NULL,
  PRIMARY KEY (`id`),
  KEY `product_id` (`product_id`),
  KEY `user_id` (`user_id`),
  CONSTRAINT `loan_return_requests_ibfk_2` FOREIGN KEY (`user_id`) REFERENCES `users` (`id`)
) ENGINE=InnoDB AUTO_INCREMENT=7 DEFAULT CHARSET=utf8mb4 COLLATE=utf8mb4_0900_ai_ci;
/*!40101 SET character_set_client = @saved_cs_client */;

--
-- Dumping data for table `loan_return_requests`
--

LOCK TABLES `loan_return_requests` WRITE;
/*!40000 ALTER TABLE `loan_return_requests` DISABLE KEYS */;
/*!40000 ALTER TABLE `loan_return_requests` ENABLE KEYS */;
UNLOCK TABLES;

--
-- Table structure for table `products`
--

DROP TABLE IF EXISTS `products`;
/*!40101 SET @saved_cs_client     = @@character_set_client */;
/*!50503 SET character_set_client = utf8mb4 */;
CREATE TABLE `products` (
  `id` int NOT NULL AUTO_INCREMENT,
  `category_name` varchar(255) DEFAULT NULL,
  `name` varchar(255) DEFAULT NULL,
  `brand_name` varchar(255) DEFAULT NULL,
  `model` varchar(255) DEFAULT NULL,
  `serial_number` varchar(255) DEFAULT NULL,
  `inventory_number` int DEFAULT NULL,
  `status` varchar(50) DEFAULT NULL,
  `details` varchar(255) DEFAULT NULL,
  `borrowed_number` int DEFAULT '0',
  `equipment_number` varchar(255) DEFAULT NULL,
  `remaining` int DEFAULT '0',
  PRIMARY KEY (`id`)
) ENGINE=InnoDB AUTO_INCREMENT=57 DEFAULT CHARSET=utf8mb4 COLLATE=utf8mb4_0900_ai_ci;
/*!40101 SET character_set_client = @saved_cs_client */;

--
-- Dumping data for table `products`
--

LOCK TABLES `products` WRITE;
/*!40000 ALTER TABLE `products` DISABLE KEYS */;
INSERT INTO `products` VALUES (1,'วัสดุคอมพิวเตอร์','หมึกพิมพ์','HP LASERJET','CE278AC','-',8,'In Stock',NULL,3,'-',5),(2,'วัสดุคอมพิวเตอร์','หมึกพิมพ์','HP LASERJET','CE505AC','-',2,'In Stock','',0,'-',3),(3,'วัสดุคอมพิวเตอร์','หมึกพิมพ์','HP LASERJET','CF226A','-',3,'In Stock','',0,'-',3),(4,'วัสดุคอมพิวเตอร์','หมึกพิมพ์','HP LASERJET','CE255A','-',25,'In Stock',NULL,0,'-',20),(5,'วัสดุคอมพิวเตอร์','หมึกพิมพ์','HP LASERJET','Q7553A','-',10,'In Stock',NULL,0,'-',10),(6,'วัสดุคอมพิวเตอร์','หมึกพิมพ์','HP LASERJET','CF210A','-',15,'In Stock',NULL,0,'-',14),(7,'วัสดุคอมพิวเตอร์','หมึกพิมพ์','HP LASERJET','CF211A','-',20,'In Stock',NULL,1,'-',15),(8,'วัสดุคอมพิวเตอร์','หมึกพิมพ์','HP LASERJET','CF212A','-',10,'In Stock',NULL,0,'-',10),(9,'วัสดุคอมพิวเตอร์','หมึกพิมพ์','HP LASERJET','CF213A','-',5,'In Stock',NULL,0,'-',5),(10,'วัสดุคอมพิวเตอร์','หมึกพิมพ์','HP LASERJET','CF350A','-',10,'In Stock',NULL,0,'-',9),(11,'วัสดุคอมพิวเตอร์','หมึกพิมพ์','HP LASERJET','CF351A','-',15,'In Stock',NULL,0,'-',15),(12,'วัสดุคอมพิวเตอร์','หมึกพิมพ์','HP LASERJET','CF352A','-',20,'In Stock',NULL,0,'-',20),(13,'วัสดุคอมพิวเตอร์','หมึกพิมพ์','HP LASERJET','CF353A','-',25,'In Stock',NULL,0,'-',20),(14,'วัสดุคอมพิวเตอร์','หมึกพิมพ์','CANON','FX10','-',15,'In Stock',NULL,0,'-',10),(15,'วัสดุคอมพิวเตอร์','หมึกพิมพ์','Brother HL-L6200DW','TN-3448','-',40,'In Stock','',0,'-',12),(16,'วัสดุคอมพิวเตอร์','หมึกพิมพ์','Brother HL-L8260CDN','TN-451 BK','-',20,'In Stock',NULL,0,'-',20),(17,'วัสดุคอมพิวเตอร์','หมึกพิมพ์','Brother HL-L8260CDN','TN-451 C','-',5,'In Stock',NULL,0,'-',5),(18,'วัสดุคอมพิวเตอร์','หมึกพิมพ์','Brother HL-L8260CDN','TN-451 Y','-',10,'In Stock',NULL,0,'-',10),(19,'วัสดุคอมพิวเตอร์','หมึกพิมพ์','Brother HL-L8260CDN','TN-451 M','-',20,'In Stock',NULL,0,'-',20),(20,'วัสดุคอมพิวเตอร์','หมึกพิมพ์','Brother MFC-L2715DW','TN-2480','-',10,'In Stock',NULL,0,'-',10),(21,'วัสดุคอมพิวเตอร์','หมึกพิมพ์','Brother MFC-MFC-L3750CDW','TN-263 BK','-',10,'In Stock',NULL,0,'-',10),(22,'วัสดุคอมพิวเตอร์','หมึกพิมพ์','Brother MFC-MFC-L3750CDW','TN-263 C','-',15,'In Stock',NULL,0,'-',15),(23,'วัสดุคอมพิวเตอร์','หมึกพิมพ์','Brother MFC-MFC-L3750CDW','TN-263 Y','-',20,'In Stock',NULL,0,'-',20),(24,'วัสดุคอมพิวเตอร์','หมึกพิมพ์','Brother MFC-MFC-L3750CDW','TN-263 M','-',10,'In Stock',NULL,0,'-',10),(25,'วัสดุคอมพิวเตอร์','หมึกพิมพ์','Brother','TN351 BK','-',25,'In Stock',NULL,0,'-',25),(26,'วัสดุคอมพิวเตอร์','หมึกพิมพ์','Brother','TN351C','-',20,'In Stock',NULL,0,'-',20),(27,'วัสดุคอมพิวเตอร์','หมึกพิมพ์','Brother','TN351Y','-',15,'In Stock',NULL,0,'-',15),(28,'วัสดุคอมพิวเตอร์','หมึกพิมพ์','Brother','TN351M','-',10,'In Stock',NULL,0,'-',10),(29,'วัสดุคอมพิวเตอร์','หมึกพิมพ์','EPSON','LQ-310','-',22,'In Stock',NULL,0,'-',22),(30,'วัสดุคอมพิวเตอร์','หมึกพิมพ์','EPSON','LQ-590','-',15,'In Stock',NULL,0,'-',15),(31,'วัสดุคอมพิวเตอร์','หมึกพิมพ์','Ribbon Cartridge7753/ S015141','LQ-300+300+ll','-',10,'In Stock',NULL,0,'-',10),(32,'วัสดุคอมพิวเตอร์','หมึกพิมพ์','SAMSUNG','MLT-309S','-',5,'In Stock',NULL,0,'-',5),(33,'อุปกรณ์คอมพิวเตอร์','คอมพิวเตอร์','ASUS','P1440FA','KBNXCV09T56147D',1,'In Stock','',0,'9D-02-03-031/63',1),(34,'อุปกรณ์คอมพิวเตอร์','คอมพิวเตอร์','LENOVO','20X2S75N00','PF3MQE0S',1,'In Stock','',0,'9D-02-03-461/65',1),(35,'อุปกรณ์คอมพิวเตอร์','คอมพิวเตอร์','LENOVO','20X2S75N22','PF3MSKMA',1,'In Stock','',1,'9D-02-03-474/65',1),(36,'อุปกรณ์คอมพิวเตอร์','คอมพิวเตอร์','LENOVO','20X2S75N00','PF3MSK93',1,'In Stock','',0,'-',1),(37,'อุปกรณ์คอมพิวเตอร์','คอมพิวเตอร์','ASUS','P1440FA','KBNXCV09T620478',1,'In Stock','',0,'9D-02-03-039/63',1),(56,'วัสดุคอมพิวเตอร์','หมึกพิมพ์','Acer','ce2555','-',4,'In Stock','-',0,'-',2);
/*!40000 ALTER TABLE `products` ENABLE KEYS */;
UNLOCK TABLES;

--
-- Table structure for table `requests`
--

DROP TABLE IF EXISTS `requests`;
/*!40101 SET @saved_cs_client     = @@character_set_client */;
/*!50503 SET character_set_client = utf8mb4 */;
CREATE TABLE `requests` (
  `id` int NOT NULL AUTO_INCREMENT,
  `user_id` int DEFAULT NULL,
  `borrower_name` varchar(255) DEFAULT NULL,
  `department` varchar(255) DEFAULT NULL,
  `phone` varchar(20) DEFAULT NULL,
  `email` varchar(255) DEFAULT NULL,
  `material` varchar(255) DEFAULT NULL,
  `category` varchar(255) DEFAULT NULL,
  `equipment` varchar(255) DEFAULT NULL,
  `brand` varchar(255) DEFAULT NULL,
  `quantity_requested` int DEFAULT NULL,
  `note` text,
  `status` varchar(50) DEFAULT 'Pending',
  `approved_by` varchar(255) DEFAULT NULL,
  `date_approved` date DEFAULT NULL,
  `received_by` varchar(255) DEFAULT NULL,
  `date_received` date DEFAULT NULL,
  `notification_status` tinyint(1) DEFAULT '0',
  `created_at` timestamp NULL DEFAULT CURRENT_TIMESTAMP,
  `updated_at` timestamp NULL DEFAULT CURRENT_TIMESTAMP ON UPDATE CURRENT_TIMESTAMP,
  `date_requested` date DEFAULT NULL,
  `note_approver` text,
  `equipment_number` varchar(255) DEFAULT '-',
  `serial_number` varchar(255) DEFAULT '-',
  PRIMARY KEY (`id`)
) ENGINE=InnoDB AUTO_INCREMENT=9 DEFAULT CHARSET=utf8mb4 COLLATE=utf8mb4_0900_ai_ci;
/*!40101 SET character_set_client = @saved_cs_client */;

--
-- Dumping data for table `requests`
--

LOCK TABLES `requests` WRITE;
/*!40000 ALTER TABLE `requests` DISABLE KEYS */;
INSERT INTO `requests` VALUES (1,3,'นางสาว สมฤทัย','สำนักผู้ว่าการ','235731325','test17@sat.or.th','CF350A','วัสดุคอมพิวเตอร์','หมึกพิมพ์','HP LASERJET',1,'','Pending',NULL,NULL,NULL,NULL,0,'2025-02-14 05:10:00','2025-02-14 05:10:00','2025-02-14',NULL,'-','-'),(2,3,'นางสาว สมฤทัย','สำนักผู้ว่าการ','235731325','test17@sat.or.th','CE278AC','วัสดุคอมพิวเตอร์','หมึกพิมพ์','HP LASERJET',1,'-','Received','ผู้อนุมัติ','2025-02-17','เอ','2025-02-26',1,'2025-02-14 08:55:08','2025-02-26 11:09:36','2025-02-14',NULL,'-','-'),(3,3,'นางสาว สมฤทัย','สำนักผู้ว่าการ','235731325','test17@sat.or.th','20X2S75N22','อุปกรณ์คอมพิวเตอร์','คอมพิวเตอร์','LENOVO',1,NULL,'Rejected','ฝ่ายทรัพยากรบุคคล','2025-02-17',NULL,NULL,1,'2025-02-14 08:58:19','2025-02-17 06:01:54','2025-02-14',NULL,'-','-'),(4,3,'นางสาว สมฤทัย','ฝ่ายตรวจสอบภายใน','235731325','test17@sat.or.th','CE278AC',NULL,'หมึกพิมพ์','HP LASERJET',1,'-','Pending',NULL,NULL,NULL,NULL,0,'2025-02-25 07:48:22','2025-02-25 07:48:22',NULL,NULL,NULL,NULL),(5,28,'นางสาว อุ๊บอิ๊บ','ฝ่ายนโยบายและแผน','213459999','test5@sat.or.th','CE278AC','วัสดุคอมพิวเตอร์','หมึกพิมพ์','HP LASERJET',1,'-','Approved','ผู้อนุมัติ','2025-02-26',NULL,NULL,1,'2025-02-26 04:44:34','2025-02-26 11:35:26',NULL,'-',NULL,NULL),(6,29,'นายเออ','สำนักผู้ว่าการ','8712','orada.s@sat.or.th','20X2S75N22','อุปกรณ์คอมพิวเตอร์','คอมพิวเตอร์','LENOVO',1,'','Rejected','ผู้อนุมัติ','2025-02-26',NULL,NULL,1,'2025-02-26 11:01:18','2025-02-26 11:30:52',NULL,'คอมพิวเตอร์ไม่สามารถเบิกได้',NULL,NULL),(7,29,'นายเออ','สำนักผู้ว่าการ','8712','orada.s@sat.or.th','CE278AC','วัสดุคอมพิวเตอร์','หมึกพิมพ์','HP LASERJET',1,'','Approved','ผู้อนุมัติ','2025-02-26',NULL,NULL,1,'2025-02-26 11:02:50','2025-02-26 11:29:42',NULL,'-',NULL,NULL),(8,29,'นายเออ','สำนักผู้ว่าการ','8712','orada.s@sat.or.th','CF211A','วัสดุคอมพิวเตอร์','หมึกพิมพ์','HP LASERJET',1,'','Approved','ผู้อนุมัติ','2025-02-26',NULL,NULL,1,'2025-02-26 11:03:12','2025-02-26 11:29:27',NULL,'-',NULL,NULL);
/*!40000 ALTER TABLE `requests` ENABLE KEYS */;
UNLOCK TABLES;

--
-- Table structure for table `search_history`
--

DROP TABLE IF EXISTS `search_history`;
/*!40101 SET @saved_cs_client     = @@character_set_client */;
/*!50503 SET character_set_client = utf8mb4 */;
CREATE TABLE `search_history` (
  `id` int NOT NULL AUTO_INCREMENT,
  `category` varchar(255) DEFAULT NULL,
  `device` varchar(255) DEFAULT NULL,
  `brand` varchar(255) DEFAULT NULL,
  `timestamp` datetime NOT NULL,
  PRIMARY KEY (`id`)
) ENGINE=InnoDB DEFAULT CHARSET=utf8mb4 COLLATE=utf8mb4_0900_ai_ci;
/*!40101 SET character_set_client = @saved_cs_client */;

--
-- Dumping data for table `search_history`
--

LOCK TABLES `search_history` WRITE;
/*!40000 ALTER TABLE `search_history` DISABLE KEYS */;
/*!40000 ALTER TABLE `search_history` ENABLE KEYS */;
UNLOCK TABLES;

--
-- Table structure for table `sections`
--

DROP TABLE IF EXISTS `sections`;
/*!40101 SET @saved_cs_client     = @@character_set_client */;
/*!50503 SET character_set_client = utf8mb4 */;
CREATE TABLE `sections` (
  `id` int NOT NULL AUTO_INCREMENT,
  `name` varchar(255) NOT NULL,
  `department_id` int NOT NULL,
  `created_at` timestamp NULL DEFAULT CURRENT_TIMESTAMP,
  `updated_at` timestamp NULL DEFAULT CURRENT_TIMESTAMP ON UPDATE CURRENT_TIMESTAMP,
  PRIMARY KEY (`id`),
  KEY `department_id` (`department_id`),
  CONSTRAINT `sections_ibfk_1` FOREIGN KEY (`department_id`) REFERENCES `departments` (`id`) ON DELETE CASCADE
) ENGINE=InnoDB AUTO_INCREMENT=83 DEFAULT CHARSET=utf8mb4 COLLATE=utf8mb4_0900_ai_ci;
/*!40101 SET character_set_client = @saved_cs_client */;

--
-- Dumping data for table `sections`
--

LOCK TABLES `sections` WRITE;
/*!40000 ALTER TABLE `sections` DISABLE KEYS */;
INSERT INTO `sections` VALUES (1,'กองตรวจสอบการดำเนินงาน กกท.',6,'2024-12-06 07:00:12','2025-01-24 02:08:53'),(2,'กองตรวจสอบการดำเนินงานกองทุน',6,'2024-12-06 07:00:12','2024-12-06 07:00:12'),(3,'กองกลาง',7,'2024-12-06 07:00:12','2024-12-06 07:00:12'),(4,'กองประชาสัมพันธ์',7,'2024-12-06 07:00:12','2024-12-06 07:00:12'),(5,'กองประสานความร่วมมือระหว่างประเทศ',7,'2024-12-06 07:00:12','2024-12-06 07:00:12'),(6,'กองควบคุมการใช้สารต้องห้ามทางการกีฬา',8,'2024-12-06 07:00:12','2024-12-06 07:00:12'),(7,'กองบริหารงานสร้างน้ำยาทางการกีฬา',8,'2024-12-06 07:00:12','2024-12-06 07:00:12'),(8,'กองบัญชีกองทุน',9,'2024-12-06 07:00:12','2024-12-06 07:00:12'),(9,'กองการเงินกองทุน',9,'2024-12-06 07:00:12','2024-12-06 07:00:12'),(10,'กองพัสดุกองทุน',9,'2024-12-06 07:00:12','2024-12-06 07:00:12'),(11,'กองคดี',10,'2024-12-06 07:00:12','2025-01-24 02:08:53'),(12,'กองพัฒนากฎหมาย',10,'2024-12-06 07:00:12','2025-01-24 02:08:53'),(13,'กองทะเบียนสมาคมกีฬา',10,'2024-12-06 07:00:12','2024-12-06 07:00:12'),(14,'กองบัญชี',11,'2024-12-06 07:00:12','2024-12-06 07:00:12'),(15,'กองการเงิน',11,'2024-12-06 07:00:12','2024-12-06 07:00:12'),(16,'กองพัสดุ',11,'2024-12-06 07:00:12','2024-12-06 07:00:12'),(17,'กองบริหารทรัพยากรบุคคล กกท.',12,'2024-12-06 07:00:12','2025-01-24 02:08:53'),(18,'กองพัฒนาทรัพยากรบุคคล กกท.',12,'2024-12-06 07:00:12','2025-01-24 02:08:53'),(19,'กองพัฒนาองค์กรและนวัตกรรม',12,'2024-12-06 07:00:12','2025-01-24 02:14:49'),(20,'กองนโยบายและบริหารความเสี่ยง',13,'2024-12-06 07:00:12','2025-01-24 02:08:53'),(21,'กองแผนงานและงบประมาณ',13,'2024-12-06 07:00:12','2025-01-24 02:14:49'),(22,'กองติดตามและประเมินผล',13,'2024-12-06 07:00:12','2025-01-24 02:14:49'),(23,'กองบริการเทคโนโลยีสารสนเทศ',14,'2024-12-06 07:00:12','2025-01-24 02:14:49'),(24,'กองพัฒนาระบบเทคโนโลยีสารสนเทศ',14,'2024-12-06 07:00:12','2025-01-24 02:14:49'),(25,'กองพัฒนากีฬาเป็นเลิศ',15,'2024-12-06 07:00:12','2025-01-24 02:08:53'),(26,'กองแข่งขันกีฬาเป็นเลิศ',15,'2024-12-06 07:00:12','2025-01-24 02:14:49'),(27,'กองพัฒนาบุคลากรกีฬา',15,'2024-12-06 07:00:12','2025-01-24 02:14:49'),(28,'กองวิทยาศาสตร์การกีฬา',16,'2024-12-06 07:00:12','2025-01-24 02:08:53'),(29,'กองเวชศาสตร์การกีฬา',16,'2024-12-06 07:00:12','2025-01-24 02:08:53'),(30,'กองวิจัยและพัฒนาวิทยาศาสตร์การกีฬา',16,'2024-12-06 07:00:12','2025-01-24 02:14:49'),(31,'กองศูนย์ฝึกกีฬาแห่งชาติ',16,'2024-12-06 07:00:12','2025-01-24 02:14:49'),(32,'กองบริหารงานและประเมินผลกีฬาอาชีพ',17,'2024-12-06 07:00:12','2025-01-24 02:08:53'),(33,'กองส่งเสริมพัฒนากีฬาอาชีพ',17,'2024-12-06 07:00:12','2025-01-24 02:08:53'),(34,'กองบริหารงานกีฬามวย',18,'2024-12-06 07:00:12','2025-01-24 02:08:53'),(35,'กองส่งเสริมพัฒนากีฬามวย',18,'2024-12-06 07:00:12','2025-01-24 02:08:53'),(36,'กองพัฒนาการตลาดและสิทธิประโยชน์',19,'2024-12-06 07:00:12','2025-01-24 02:08:53'),(37,'กองบริการอาคารและกิจกรรมกีฬา',19,'2024-12-06 07:00:12','2025-01-24 02:08:53'),(38,'กองบริหารสินทรัพย์และส่งเสริมอุตสาหกรรมการกีฬา',19,'2024-12-06 07:00:12','2025-01-24 02:14:49'),(39,'กองบริหารงานกีฬาภูมิภาค',20,'2024-12-06 07:00:12','2025-01-24 02:08:53'),(40,'กองพัฒนากีฬาภูมิภาค',20,'2024-12-06 07:00:12','2025-01-24 02:14:49'),(41,'กองวิศวกรรม',21,'2024-12-06 07:00:12','2025-01-24 02:08:53'),(42,'กองซ่อมบำรุง',21,'2025-01-24 02:08:53','2025-01-24 02:08:53');
/*!40000 ALTER TABLE `sections` ENABLE KEYS */;
UNLOCK TABLES;

--
-- Table structure for table `tasks`
--

DROP TABLE IF EXISTS `tasks`;
/*!40101 SET @saved_cs_client     = @@character_set_client */;
/*!50503 SET character_set_client = utf8mb4 */;
CREATE TABLE `tasks` (
  `id` int NOT NULL AUTO_INCREMENT,
  `name` varchar(255) NOT NULL,
  `section_id` int NOT NULL,
  `created_at` timestamp NULL DEFAULT CURRENT_TIMESTAMP,
  `updated_at` timestamp NULL DEFAULT CURRENT_TIMESTAMP ON UPDATE CURRENT_TIMESTAMP,
  PRIMARY KEY (`id`),
  KEY `section_id` (`section_id`),
  CONSTRAINT `tasks_ibfk_1` FOREIGN KEY (`section_id`) REFERENCES `sections` (`id`) ON DELETE CASCADE
) ENGINE=InnoDB AUTO_INCREMENT=97 DEFAULT CHARSET=utf8mb4 COLLATE=utf8mb4_0900_ai_ci;
/*!40101 SET character_set_client = @saved_cs_client */;

--
-- Dumping data for table `tasks`
--

LOCK TABLES `tasks` WRITE;
/*!40000 ALTER TABLE `tasks` DISABLE KEYS */;
INSERT INTO `tasks` VALUES (1,'งานตรวจสอบ 1',1,'2024-12-06 07:44:08','2024-12-06 07:44:08'),(2,'งานตรวจสอบ 2',1,'2024-12-06 07:44:08','2024-12-06 07:44:08'),(3,'งานพัฒนาการตรวจสอบภายใน',1,'2024-12-06 07:44:08','2024-12-06 07:44:08'),(4,'งานตรวจสอบกองทุน 1',2,'2024-12-06 07:44:08','2024-12-06 07:44:08'),(5,'งานตรวจสอบกองทุน 2',2,'2024-12-06 07:44:08','2024-12-06 07:44:08'),(6,'งานธุรการและสารบรรณ',3,'2024-12-06 07:44:08','2024-12-06 07:44:08'),(7,'งานเลขานุการและการประชุม',3,'2024-12-06 07:44:08','2024-12-06 07:44:08'),(8,'งานส่งเสริมการกำกับดูแลที่ดี',3,'2024-12-06 07:44:08','2024-12-06 07:44:08'),(9,'งานประชาสัมพันธ์',4,'2024-12-06 07:44:08','2024-12-06 07:44:08'),(10,'งานผลิตสื่อ',4,'2024-12-06 07:44:08','2024-12-06 07:44:08'),(11,'งานประสานองค์กรกีฬาระหว่างประเทศ',5,'2024-12-06 07:44:08','2024-12-06 07:44:08'),(12,'งานวิเทศสัมพันธ์',5,'2024-12-06 07:44:08','2024-12-06 07:44:08'),(13,'งานวิชาการสารต้องห้ามทางการกีฬา',6,'2024-12-06 07:44:08','2024-12-06 07:44:08'),(14,'งานตรวจสารต้องห้าม',6,'2024-12-06 07:44:08','2024-12-06 07:44:08'),(15,'งานนิติการสารต้องห้ามทางการกีฬา',7,'2024-12-06 07:44:08','2024-12-06 07:44:08'),(16,'งานเลขานุการสารต้องห้ามทางการกีฬา',7,'2024-12-06 07:44:08','2024-12-06 07:44:08'),(17,'งานระบบบัญชีกองทุน',8,'2024-12-06 07:44:08','2024-12-06 07:44:08'),(18,'งานประมวลผลบัญชีกองทุน',8,'2024-12-06 07:44:08','2024-12-06 07:44:08'),(19,'งานบัญชีลูกหนี้กองทุน',8,'2024-12-06 07:44:08','2024-12-06 07:44:08'),(20,'งานการเงินกองทุน 1',9,'2024-12-06 07:44:08','2024-12-06 07:44:08'),(21,'งานการเงินกองทุน 2',9,'2024-12-06 07:44:08','2024-12-06 07:44:08'),(22,'งานเบิกจ่ายเงินกองทุน',9,'2024-12-06 07:44:08','2024-12-06 07:44:08'),(23,'งานจัดซื้อจัดจ้างกองทุน',10,'2024-12-06 07:44:08','2024-12-06 07:44:08'),(24,'งานบริหารสัญญากองทุน',10,'2024-12-06 07:44:08','2024-12-06 07:44:08'),(25,'งานบริหารพัสดุกองทุน',10,'2024-12-06 07:44:08','2024-12-06 07:44:08'),(26,'งานคดี',11,'2024-12-06 07:44:08','2024-12-06 07:44:08'),(27,'งานนิติการ',11,'2024-12-06 07:44:08','2024-12-06 07:44:08'),(28,'งานพัฒนากฎหมาย',12,'2024-12-06 07:44:08','2024-12-06 07:44:08'),(29,'งานบริหารและกำกับติดตามกฎหมาย',12,'2024-12-06 07:44:08','2024-12-06 07:44:08'),(30,'งานทะเบียนสมาคมกีฬา',13,'2024-12-06 07:44:08','2024-12-06 07:44:08'),(31,'งานทะเบียนสมาคมกีฬาประจำกรุงเทพมหานคร',13,'2024-12-06 07:44:08','2024-12-06 07:44:08'),(32,'งานระบบบัญชี',14,'2024-12-06 07:44:08','2024-12-06 07:44:08'),(33,'งานประมวลผลบัญชี',14,'2024-12-06 07:44:08','2024-12-06 07:44:08'),(34,'งานบัญชีลูกหนี้',14,'2024-12-06 07:44:08','2024-12-06 07:44:08'),(35,'งานการเงิน กกท.',15,'2024-12-06 07:44:08','2024-12-06 07:44:08'),(36,'งานการเงินองค์กรกีฬา',15,'2024-12-06 07:44:08','2024-12-06 07:44:08'),(37,'งานจัดซื้อจัดจ้าง',16,'2024-12-06 07:44:08','2024-12-06 07:44:08'),(38,'งานคลังพัสดุและยานพาหนะ',16,'2024-12-06 07:44:08','2024-12-06 07:44:08'),(39,'งานบริหารสัญญา',16,'2024-12-06 07:44:08','2024-12-06 07:44:08'),(40,'งานบริหารทรัพยากรบุคคล',17,'2024-12-06 07:44:08','2024-12-06 07:44:08'),(41,'งานสวัสดิการและแรงงานสัมพันธ์',17,'2024-12-06 07:44:08','2024-12-06 07:44:08'),(42,'งานจริยธรรมและวินัย',17,'2024-12-06 07:44:08','2024-12-06 07:44:08'),(43,'งานพัฒนาทรัพยากรบุคคล',18,'2024-12-06 07:44:08','2024-12-06 07:44:08'),(44,'งานพัฒนาค่านิยมและส่งเสริมความผูกพันองค์กร',18,'2024-12-06 07:44:08','2024-12-06 07:44:08'),(45,'งานพัฒนาองค์กร',19,'2024-12-06 07:44:08','2024-12-06 07:44:08'),(46,'งานบริหารองค์ความรู้และส่งเสริมนวัตกรรม',19,'2024-12-06 07:44:08','2024-12-06 07:44:08'),(47,'งานนโยบายและแผน',20,'2024-12-06 07:44:08','2024-12-06 07:44:08'),(48,'งานบริหารความเสี่ยง',20,'2024-12-06 07:44:08','2024-12-06 07:44:08'),(49,'งานพัฒนาและบริหารผู้มีส่วนได้เสียและลูกค้า',20,'2024-12-06 07:44:08','2024-12-06 07:44:08'),(50,'งานพัฒนาและประสานแผน',21,'2024-12-06 07:44:08','2024-12-06 07:44:08'),(51,'งานงบประมาณ',21,'2024-12-06 07:44:08','2024-12-06 07:44:08'),(52,'งานวิเคราะห์และประเมินผล',22,'2024-12-06 07:44:08','2024-12-06 07:44:08'),(53,'งานติดตามงบประมาณ',22,'2024-12-06 07:44:08','2024-12-06 07:44:08'),(54,'งานปฏิบัติการเทคโนโลยีสารสนเทศ',23,'2024-12-06 07:44:08','2025-01-24 03:15:49'),(55,'งานบริการเทคโนโลยีสารสนเทศ',23,'2024-12-06 07:44:08','2025-01-24 03:15:49'),(56,'งานพัฒนาระบบสารสนเทศ',24,'2024-12-06 07:44:08','2025-01-24 03:15:49'),(57,'งานสนับสนุนการใช้ระบบเทคโนโลยีสารสนเทศ',24,'2024-12-06 07:44:08','2025-01-24 03:15:49'),(58,'งานวิเคราะห์และพัฒนากีฬาเป็นเลิศ',25,'2024-12-06 07:44:08','2025-01-24 03:40:05'),(59,'งานกำกับดูแลและติดตามประเมินผลกีฬาเป็นเลิศ',25,'2024-12-06 07:44:08','2025-01-24 03:40:05'),(60,'งานแข่งขันกีฬาระดับชาติ',26,'2024-12-06 07:44:08','2025-01-24 03:40:05'),(61,'งานแข่งขันกีฬาระดับนานาชาติ',26,'2024-12-06 07:44:08','2025-01-24 03:40:05'),(62,'งานพัฒนาบุคลากรกีฬาระดับชาติ',27,'2024-12-06 07:44:08','2025-01-24 03:40:05'),(63,'งานพัฒนาบุคลากรกีฬาระดับนานาชาติ',27,'2024-12-06 07:44:08','2025-01-24 03:40:05'),(64,'งานพัฒนาศักยภาพกีฬา',28,'2024-12-06 07:44:08','2025-01-24 03:40:05'),(65,'งานทดสอบสมรรถภาพกีฬา',28,'2024-12-06 07:44:08','2025-01-24 03:40:05'),(66,'งานศูนย์บริการทางการแพทย์กีฬา',31,'2024-12-06 07:44:08','2025-01-24 03:11:53'),(67,'งานตรวจรักษา',31,'2024-12-06 07:44:08','2025-01-24 03:11:53'),(68,'งานบริหารศูนย์ฝึกกีฬาแห่งชาติ',31,'2024-12-06 07:44:08','2025-01-24 03:11:53'),(69,'งานวิจัยวิทยาศาสตร์การกีฬา',31,'2024-12-06 07:44:08','2025-01-24 03:11:53'),(70,'งานกำกับควบคุมและติดตามประเมินผลกีฬาอาชีพ',32,'2024-12-06 07:44:08','2025-01-24 03:11:53'),(71,'งานเลขานุการการประชุมกีฬาอาชีพ',32,'2024-12-06 07:44:08','2025-01-24 03:11:53'),(72,'งานส่งเสริมและมาตรฐานกีฬาอาชีพ',33,'2024-12-06 07:44:08','2025-01-24 03:11:53'),(73,'งานพัฒนากีฬาอาชีพ',33,'2024-12-06 07:44:08','2025-01-24 03:11:53'),(74,'งานกำกับควบคุมกีฬามวย',34,'2024-12-06 07:44:08','2025-01-24 03:11:53'),(75,'งานเลขานุการการประชุมกีฬามวย',34,'2024-12-06 07:44:08','2025-01-24 03:11:53'),(76,'งานส่งเสริม พัฒนา และสวัสดิการกีฬามวย',35,'2024-12-06 07:44:08','2025-01-24 03:11:53'),(77,'งานมาตรฐานและติดตามประเมินผลกีฬามวย',35,'2024-12-06 07:44:08','2025-01-24 03:11:53'),(78,'สถาบันมวยไทยแห่งชาติ',35,'2024-12-06 07:44:08','2025-01-24 03:11:53'),(79,'งานมาตรฐาน วิจัย พัฒนา และส่งเสริมนวัตกรรมกีฬามวยไทย',35,'2024-12-06 07:44:08','2025-01-24 03:11:53'),(80,'งานรับรองมาตรฐานกีฬามวยไทย',35,'2024-12-06 07:44:08','2025-01-24 03:11:53'),(81,'งานแผนและพัฒนาการตลาด',36,'2024-12-06 07:44:08','2025-01-24 03:11:53'),(82,'งานลูกค้าสัมพันธ์และคุ้มครองสิทธิ์',36,'2024-12-06 07:44:08','2025-01-24 03:11:53'),(83,'งานแผนและบริการอาคารสถานที่',37,'2024-12-06 07:44:08','2025-01-24 03:11:53'),(84,'งานแผนและบริการกิจกรรมกีฬา',37,'2024-12-06 07:44:08','2025-01-24 03:11:53'),(85,'งานบริหารสินทรัพย์',38,'2024-12-06 07:44:08','2025-01-24 03:11:53'),(86,'งานส่งเสริมและสนับสนุนอุตสาหกรรมการกีฬา',38,'2024-12-06 07:44:08','2025-01-24 03:11:53'),(87,'งานบริหารกีฬาภูมิภาค',39,'2024-12-06 07:44:08','2025-01-24 03:11:53'),(88,'งานแข่งขันกีฬาภูมิภาค',39,'2024-12-06 07:44:08','2025-01-24 03:11:53'),(89,'งานพัฒนานักกีฬาภูมิภาค',40,'2024-12-06 07:44:08','2025-01-24 03:11:53'),(90,'งานพัฒนาบุคลากรกีฬาภูมิภาค',40,'2024-12-06 07:44:08','2025-01-24 03:11:53'),(91,'งานวิเคราะห์และประเมินโครงการลงทุน',41,'2024-12-06 07:44:08','2025-01-24 03:11:53'),(92,'งานสำรวจ ออกแบบ และประเมินราคา',41,'2024-12-06 07:44:08','2025-01-24 03:11:53'),(93,'งานควบคุมการก่อสร้าง',41,'2024-12-06 07:44:08','2025-01-24 03:11:53'),(94,'งานซ่อมบำรุงอาคาร',42,'2024-12-06 07:44:08','2025-01-24 03:11:53'),(95,'งานซ่อมบำรุงพัสดุ ครุภัณฑ์ และอุปกรณ์กีฬา',42,'2024-12-06 07:44:08','2025-01-24 03:11:53');
/*!40000 ALTER TABLE `tasks` ENABLE KEYS */;
UNLOCK TABLES;

--
-- Table structure for table `temp_categories`
--

DROP TABLE IF EXISTS `temp_categories`;
/*!40101 SET @saved_cs_client     = @@character_set_client */;
/*!50503 SET character_set_client = utf8mb4 */;
CREATE TABLE `temp_categories` (
  `id` int NOT NULL DEFAULT '0',
  `name` varchar(255) NOT NULL,
  `type` varchar(50) NOT NULL
) ENGINE=InnoDB DEFAULT CHARSET=utf8mb4 COLLATE=utf8mb4_0900_ai_ci;
/*!40101 SET character_set_client = @saved_cs_client */;

--
-- Dumping data for table `temp_categories`
--

LOCK TABLES `temp_categories` WRITE;
/*!40000 ALTER TABLE `temp_categories` DISABLE KEYS */;
INSERT INTO `temp_categories` VALUES (1,'วัสดุคอมพิวเตอร์','วัสดุ'),(2,'อุปกรณ์คอมพิวเตอร์','อุปกรณ์'),(10,'สายแลน','3');
/*!40000 ALTER TABLE `temp_categories` ENABLE KEYS */;
UNLOCK TABLES;

--
-- Table structure for table `users`
--

DROP TABLE IF EXISTS `users`;
/*!40101 SET @saved_cs_client     = @@character_set_client */;
/*!50503 SET character_set_client = utf8mb4 */;
CREATE TABLE `users` (
  `id` int NOT NULL AUTO_INCREMENT,
  `username` varchar(255) NOT NULL,
  `password` varchar(255) NOT NULL,
  `fullName` varchar(255) NOT NULL,
  `phone` varchar(20) DEFAULT NULL,
  `email` varchar(255) DEFAULT NULL,
  `role` varchar(50) DEFAULT 'User',
  `status` varchar(50) DEFAULT 'Pending',
  `createdAt` timestamp NULL DEFAULT CURRENT_TIMESTAMP,
  `updatedAt` timestamp NULL DEFAULT CURRENT_TIMESTAMP ON UPDATE CURRENT_TIMESTAMP,
  `department_name` varchar(255) DEFAULT NULL,
  `section_name` varchar(255) DEFAULT NULL,
  `task_name` varchar(255) DEFAULT NULL,
  `image` longblob,
  PRIMARY KEY (`id`)
) ENGINE=InnoDB AUTO_INCREMENT=31 DEFAULT CHARSET=utf8mb4 COLLATE=utf8mb4_0900_ai_ci;
/*!40101 SET character_set_client = @saved_cs_client */;

--
-- Dumping data for table `users`
--

LOCK TABLES `users` WRITE;
/*!40000 ALTER TABLE `users` DISABLE KEYS */;
INSERT INTO `users` VALUES (1,'Itstaff','it1234','นางสาวชยุดา เรืองขำ','8712','test1@sat.or.th','IT','Approved','2024-12-12 07:14:40','2025-02-26 11:27:28','ฝ่ายเทคโนโลยีสารสนเทศ','กองพัฒนาระบบเทคโนโลยีสารสนเทศ','งานพัฒนาระบบสารสนเทศ',NULL),(2,'test_6','teat611','นายเอก','021345678','test@sat.or.th','Approver','Approved','2024-12-25 02:15:58','2025-02-21 08:53:12','ฝ่ายเทคโนโลยีสารสนเทศ','กองพัฒนาระบบเทคโนโลยีสารสนเทศ','งานพัฒนาระบบสารสนเทศ',NULL),(3,'testAB11','Ac123','นางสาว สมฤทัย','235731325','test17@sat.or.th','User','Approved','2025-02-04 03:18:12','2025-02-25 04:08:49','ฝ่ายตรวจสอบภายใน','กองตรวจสอบการดำเนินงาน กกท.','งานตรวจสอบ 2',NULL),(4,'testUser1','ch123','นาย บี','021345678','test@sat.or.th','User','Pending','2025-02-04 04:40:32','2025-02-06 02:47:44','สำนักงานคณะกรรมการกีฬามวย','กองบริหารงานกีฬามวย','งานกำกับควบคุมกีฬามวย',NULL),(21,'test11','aa1234','นาย ซี','021234467','test@sat.or.th','User','Pending','2025-02-07 03:23:54','2025-02-07 03:23:54','ฝ่ายทรัพยากรบุคคล','กองบริหารทรัพยากรบุคคล กกท.','งานสวัสดิการและแรงงานสัมพันธ์',NULL),(22,'ch2345','td789','นางสาว บี','023456789','test22@sat.or.th','User','Approved','2025-02-18 09:43:57','2025-02-26 02:59:08','ฝ่ายการคลัง','กองบัญชี','งานประมวลผลบัญชี',NULL),(23,'testAB112','dd5678','นางสาวดี','021345678','test20@sat.or.th','User','Pending','2025-02-21 04:43:33','2025-02-21 04:43:33','สำนักงานคณะกรรมการกีฬามวย','กองบริหารงานกีฬามวย','งานเลขานุการการประชุมกีฬามวย',NULL),(24,'testV12','ccc789','นาย สม','213459999','test151@sat.or.th','User','Pending','2025-02-21 06:18:59','2025-02-21 06:18:59','ฝ่ายพัฒนากีฬาเป็นเลิศ','กองพัฒนาบุคลากรกีฬา','งานพัฒนาบุคลากรกีฬาระดับชาติ',_binary '\\\0JFIF\0\0\0\0\0\0\\ICC_PROFILE\0\0\0\\0\0\0\00\0\0mntrRGB XYZ \\0\0\0\0\0\0\0\0acsp\0\0\0\0\0\0\0\0\0\0\0\0\0\0\0\0\0\0\0\0\0\0\0\0\0\0\0\0\0\\0\0\0\0\0\-\0\0\0\0\0\0\0\0\0\0\0\0\0\0\0\0\0\0\0\0\0\0\0\0\0\0\0\0\0\0\0\0\0\0\0\0\0\0\0\0\0\0\0\0\0\0\0\0\0\0\0	desc\0\0\0\0\0\0$rXYZ\0\0\0\0\0gXYZ\0\0(\0\0\0bXYZ\0\0<\0\0\0wtpt\0\0P\0\0\0rTRC\0\0d\0\0\0(gTRC\0\0d\0\0\0(bTRC\0\0d\0\0\0(cprt\0\0\0\0\0<mluc\0\0\0\0\0\0\0\0\0\0enUS\0\0\0\0\0\0\0s\0R\0G\0BXYZ \0\0\0\0\0\0o\0\08\0\0XYZ \0\0\0\0\0\0b\0\0\0\0\XYZ \0\0\0\0\0\0$\0\0\0\0\XYZ \0\0\0\0\0\0\\0\0\0\0\0\-para\0\0\0\0\0\0\0\0ff\0\0\0\0\rY\0\0\\0\0\n[\0\0\0\0\0\0\0\0mluc\0\0\0\0\0\0\0\0\0\0enUS\0\0\0 \0\0\0\0G\0o\0o\0g\0l\0e\0 \0I\0n\0c\0.\0 \02\00\01\06\\0C\0\n\n\n\n\r\r#%$\"\"!&+7/&)4)!\"0A149;>>>%.DIC<H7=>;\\0C\n\r;(\"(;;;;;;;;;;;;;;;;;;;;;;;;;;;;;;;;;;;;;;;;;;;;;;;;;;\0 \"\0\\0\0\0\0\0\0\0\0\0\0\0\0\0\\0;\0\0\0!1AQ\"aq2#B\\R3b$rC\\\0\Z\0\0\0\0\0\0\0\0\0\0\0\0\\0(\0\0\0\0\0\0!1AQaq\"2B#\\0\0\0?\0\6\%ʎkr\%l>\ptK\}f*%NE}~OR2zآ(B\]P\C>²;R6\`7=33m*\c<\ni0iǴ50|r@\\+qx\\Ez*A\HTf\0\cP6AX\jMZ\	vG\\\Ԑ`\h\":$\}\-f\qZ\[pwm8SR,&Е\\\`\}\&\\ծ\MI(x\\\\$	\\\\~Nrю0jF3WetΤ\(\\5\+*bS 2l*5f-\'4\\]<U\ ɣ,m\\\ng\|a\b U\\dТ #\'f\8\Z7tMc i,\險hg\\=\0t\8\\"v\"\c3G\V\1ۚ\Ŷ\\ޔ\\L\\oA*F\@\nĠSĐ\.\IH:I )q|(>ifOr\C!Y\0\pr(Mm*.T	I4h\\\ViR\QWҪRvp(X\H\H*kQ+0\Ljx!q\\\`;T\Z	*#&6\Wm\]Mp \\'\ZN*`(ޠ\\"*\"}\\H\G\VmQ2#@Ć<\\\UW(>{Wk\څ\\PXUI0E-D\\1DP\`A\\<TA$UQDTU\Fe@\Xۊ\SP\\$EDVYmPMISAj\q\"=j7c\"jj*A\:\]]5\\c\\bkhOuLMj1S]r<f \ՌA\"n\rj1#\"$\\k\̏j5\"Ƞb\i\\\N\\Zk\>Rcךj\0\Mu\0HB:\y5yP`t&I\3i\puz\\)V\\u\"\ J\qJ-\~{ӶS(fc \\׭4]\'e\*`{\BI\K(p<\p\\~F\Y\X9\\"\\Ͼp#ڗ0\ril0e\gldH\, 37\ڤ)<\"DB\j\r+D«:έ{WL{Q\\4\0Mυ	\\:[%֚[x\t^\"+\H^\l1\\',\\\\=3rٶ\U>t\SP*i	jt-f\0\R\&\0f\ Ap$\\ޫ\r-\0:ڜ\\\s\Hc\b\\\+]!\n\䝁4ͻZ̃;S\\]\\<#cnvm;eBP\0{\B\0AdXpHL\;\W}K\e#Td\\c\"ݶ:h9.Df\$0q\\nX\'\ت-qҺ*l\\`\' \4t@_PrK\ZJ\\b\'z\\\0\L\v3?ZJj}^F\֌b mFխ\\o\\nUeB\^26\W:r\	CA#>_:\r\liV\V\n\\1<q\A\n)&E\/W ,N\0)s\n\H*F=\\;\IxҢ$w\0}\@\\N\\'#\&e&˝1OQA(˘\\j%\\0Нm6\.HJ)\P@_!5(-\\rf\EA\i+U((\ىvGԀ\\\GR]5r\Zhua$]:k\ZȎ\#\@+4k:H\8\\R\\FT\0s5QP@\B\\"8\\n5\=\[iy:\H\\n	\b	\s\\t=tc1@\x\IkA\"`dT|cһ;mBTTm\W#0j\n\F\(\@$6	5\ަqX$\n*8\k9MN\(V(V\(U1WiСZ\	P\u\Į\rm\W5CHi0\\\ RPpS\]iR\"d7	$TIA+\T\3۽YUq\k\0B\@\*\\Zu@9\'vR`U۷j\01&ə֠YRr#+\\\ZgLմv;Wc`(gz\RqQ30+\"H:``ԶjA\\j\0\b8c\\5,un\0g\2\\\0GޛzQuىZ3!7XO\0)5\\\uq0Fv\t]m\m]Y`O\'1\Eː\\~203\S\P1\jbLASz\m\\:3\=(ACd\bx\N\\\ai7Icأ[ѕq<1\H<PJg0 \~ҥ\\0Tc\0ZZ\1!u\r:\錌۶\\Ib\\\\'\G#G\\eh\ƥДL\Z\0a\n7h%c\.	K\\z{P~(T\=\5h\`C?޹\\\"\IБ\t\Ӫe1j`h_\,lxj(\ɳsI4wAq6\+T*<\>r\V#\(b\:\a \Z\\\0+ia^n\G=aU\"ʝ(q\\-4\\\\\\Z\L\@`\ȥth5X:bIZ4mjbhY\4ݵ\\/\gޒHL\\aZ`~D{΅bP%\1\b\$hkii%VRI[\\p\ZD\k5K/\Lv\\Lt\\\7\'\\Ma\\#`.2\Zݙ|uU0\'\\\{p@iԽ\\Qm\]_Q>]Yv3\>\)hK,/%\M\loT\,9\8P:t[h4\Z\4\=w\D(\,\<\Poi\\U\\X\0\0֫\m8,\{kdQ\\"!A\'oBZ&\-a \\ϥ\\n\0H\ FDo\\]nŷ!A\Z\'U 3?l\Zޖ\\\\\w\qL;[Kl-:\ugLxF1\=\"\۵d[[\n\&uId\no;0\0]斓<`*\0\\hMm\\\"\\"c\;n\I.3@3Um0\Zt\jZu\=ǥFP.(VM1\3\ԛDaԺ\XH\7\PvNET\r*`V\kuʫ2=*rğֻLTA@\B\9楇2\"`\rʲ\R\0Pdڠz0q5\\Q\"B#֖gb\SDg\"(\z\bw4l\RjU\$r}t\3Be\n\EDA3V6\B;\]\pckGX\ebv5`j\V5\"\\\CT `ְPg4\"=k\\Zg\+]Ub	\0\1:\\\'51<\Z1f,͒y5	ͨ\|\D\\njb5\\O\S֧a\njWE]QHYܓbw@*\'\0Gެ\v\'zGm\,[1Sc4\Z\Z#LF{\+\r\n\ndD\\x6\O\#\z1^s]N\T\5cLy*$il֠\"DMH]FI\T\У*F+7IsJ=2\n\\\ҙ|\0\I\,\0V2\\ \Y\\o$ƣ;\\\7L\ZF]pb1D\o\ey;~*N\\	UR>`\Z@\\ʹo_/\\>$\4sJ\'Ouj\/yPg~?\X\\\QԬ\#QJ7\2%6d\05-qi=%[ ;I\I]\5a#ָͲYd)Y?OΓ\m9\Y\\nDdS\'aM&A#*\)VC\r\hޱF\Z1\"{z@\"a֤Ȣ\\XЈ\P\Ua;E\\ R\r(Â$!D\\ҒqY@j\0\jU\>9 E\\\*pxھ\o15\!\z=\+}Cs@\rn\\\\Za\\n\m\A:su1։v\I+\\0b)S<\WѕސkFz\8|A\&giwqA&3O\\W\'yn\0\\|mji\h\jTA\4>S;\\AY\[&0\cD2\t\'h^bN&\ۼWTNv\0z⊐I\0ƣj_\C	t\\rU2m\\"1tQ0\5g`sğ>\ӢZB\-Z5!fL\\\EfYU-\.\"\oz1b\˞m-I\M6؎mJ\H2D\3ӣZ\\F\N5mO\' 籤\^d\#0Es֝f|֙V	\0\LN>qJ\,U\;5\\|;\4lp6گa#\oM\pab\\uO֝-o>@v\ϯچ.\"O)`&dz`Gҝh\lh[(\o\I\\Z@{UHcհ\\:F;\@*\}-T\"$\\hu3wU*5\0\\U=M\yKIH}DpWIrޓOU\0*$1?E\-Z(\AK\u1\Ҏ\\\Dm̄\\w}7\\A۩+wVaQ\icF$3{Wkv\\@D+*[LA$\\[2F̉\\x#ށz*Zv8\zmn=K\\h\~Tޛrm\ԁd\\1\Z\1n[\0Y=U`s\O=#\#/q[H\\*O\\y\j\{EH$\Ԛ*M\\[0qX\0Nq\\\"{\P\\\\Q\\\F\hPl*\0&\\kQHڪG\ZW3摼\@2}6\n+\\\nnjPlvx\;\s+e`(\\Z\0\'H;\i\RW5XKA,u:c˘\#\ڤ}\f\E-\nd\̬\n\\X<\-\╠?Wm\\wXȉ\wj\j+\޻\\51(\'2U jș\\\AKfһyꊚ&$1ޤ3j\\ڈFFjH ljWb G$% ,d;Ѧ-DW\ͩFԃXvި\$\Q>dv\07\I\S֬@\6 AʏCb8v\[L\ڠ\\@\3$\rZeT$	5\Z@F7A\;\hɁ\9*d(\\\;р:g<С\0\'n,aj4do;T38	\2\'m	Dln \ؙ9c\_gv\ \ h\"ڛ\\\H2\QMmZe\\\n͹\\n\KHZ1\\־=\ٴ	vw\РzB\\El\\ޡ:{%uP O{\zۼօ%!K:{;|\&z\|ml$?X\\SԾ`dD\\B]Vf\\"\tǔsi`o\\O9g\Z-e#*\b$\0zfle\$\#%-BT+\0$	5M\v\Υ\n$i؂bO`;\Ydћ\\7\0	,D 1v^\K%\5\Ų|6#\\֓\,f@\\\\Z2\0I5m\0\(\.`k\}1Hb$\h\RLG*\| \"dQ\I֐\\.wTn\P?%X\li\/\&rڃDxW5\\"\\>\\;F<%%MMvE\A\\O\\t\0kG\\T=9 ]F1Yk\'\"&\\_D+\\	\V\!)ѓG^C\0T7ޛHN;נ\z-,``\u\JVYUӂE+Vt7:iE[6\1;ݻhF=\rڒ\e\"4\IYr;jtR\\E,L5b\VVW-L\\r\d6P\U \0@$A1\\o֎:g]\nhkBnr{dKDmL@:\\\'OǷ\S#\+dr  \Y\\\\\:\rˮJ:NZLv\PV߀Z\;DH;\\vZ\^.B\\\\Vzj\r1$g\LZ6\%\\"g>޴hV7i\\9]\UX(b!1.κV#y\7SVt3%*w ~1@$t\\6\.@ə\0ۀ8mvΕoI,T䉖n{\ZZ6\\/ b1\҂\<KA\0\DNӷ\>[\ɸ*5PV\0\0\Ӵj\:\a,]$@zz\{\\wօnZV>\ə\\\Se{H\D>^2@\\\3\[̯p+)\XY3\7WqT2\0b7\\0\6\\:[\nY&\pdՐLo\ߌ\]\廪/=\.[Qǔ\;\\J!yN\$˅\r\\'#o+.-\%4\\ϑ,FǌAb\7\0~bH\0\x#H\y\\fwR\g\0u)e\\\L\\B{g\25\0\\֭\m8R\NDx3߸moE\\$coz*AXf\XX\I?ORɂ\Zv\0\D\\}\dN\7\\n\8\8\b	\\`Ҹ$\6\ꪩ$Omw	P\<\5ڔ\zt\Z<=^#ti )$\R\D\%fd\Ux\j\"H\	\q4J\#$\\mE(~)\\\ߙҸ\)3U\\[/qWT`\wفBUf>PNx {RO>T`cֹ@c`wȝ\&ʕ##w\0f}80:jZ` EK`\O+C\nԕ\\\F}&\+A8\*@Wh$oVd\k\D\\0\r\0}:\5ޭ\0U\n`\\TjA8\dT#-j(0F\0\\\"AL\+ 2\VgqRF\'51L\0Ngn\rY\n\58=Bm7%{Uf\nb\rM5`w8	R\LOBWZ .R\'1V\G\>>?j\&}b\d%q0hD\\\1rOU\`}\c\d\\Z\\Zd\0MpCi֣M\\	3\N\\n99[WѸ;\!uXV\7\zj.Fe޳p1\ZٌD\r\\n5\"\0G\qX`Os(	:L΃01:`I\ҎXI*Y\\\\BNAJd{>P8S\ނ./m[Ad-\<Q\nbO?\\TEf\H\\o5\\Og[fF֦xA\b\ǭݔ\!HP#iZ\\r\\]\9\-c\rmM.<MF0\=~\(\(\p\2V$\0GҔkn߅pCk2H@/\\2 \~Z8\/[6zY\ZKbu	|X\奷y6\\HdjIѶŽ`A\0[\'\1|Ȗ܏T\7&F1jA\r[7]\ZDY\n)\z#\"\\[fJ\\9\0픰4\\ʀ\ܵ\\\';d+币|\ґj\غ\5\,\\"X8(4>i޷gI.b?\Qڰ\4\i<\\2񃺅\`\"$V\rڟ*H}\0s\m0F$hʖA3FEWށᵽ\0\\%\0\\4/pDl\RP \沺+\\\[@#lZ7(\Z88ޣ8.\o\q~\mj\uuT\`2c\/0\I\L#ְq\yE\b$\ZN\\\\n~i^P\Zao[\\\^@D5\\)\\R_F\\MI:el-\.ҦW\0fw\ږk\wV雦&ں	 m\E\ԡ\DUR1nt\L844d1\z\^rt\c\4ޝU\rP\)tj\Ƒ\ZsǬ`K\}\d,X\\g?Z\רm%mcS&@\\0\Ъy)\Ѐf\0I8\l\n\+\\u+2$Cްv\\\\Vːԧa\i88n\\N%\D\g~\rVD/\\L4\;Ѭ\J[+]]\\ƒ&`\9ѣR\h*Z\"2bv◿\\xݺ. W\\n\\\9(IU@Sg>Y\'L\r\AJkLg^}\\\\\>\\tU\}9\n	bs>\\Lv\\eA1\\\'\Y\?Ft;bHc,e&I\\Ӫn˷:\\Z<\6\0j\\z\\r\wk@\\q!rw\\\Ypo]hť0pNA\\\P\koC\\:nlI\\=\\6\[eeIb\(\\0\+O\-\\jAc\?:7G<\;L\]\\OOKp[q$p$\;q S\nP6C70w\,\T\P\\\f?*7\\"nF6FN7L\R\n\]\0\\'\}gU\K%Nf\0(\5[nuC2\ db9h=\kof$m03߭u\VZn[f	\SUf\\9fҡ6\(\\n&HP2X FY3϶@߱e*\5\Z;A?Vr|S\w1*a(3)-Fdr`&c\]Ո\B\N\\腋\\0|\mP/t\h\04\\h\LWF5c5a;`m\ʉnΦ*\`\fK=~q\K\n\mkI\dN8\D;\\n\\$I\MĢ#5\\\j\4:,\\)C\\c})h-;)SE@\UT3I\zٮ\\v\-\|G\N|py%d\$&\y|ؓ\WI\h\\9\҄ \0H\3\YN#\q\0\\N\j\t\0\(F~:\$\\ZX(\D\AlQ$/ҨVF\n@>P3\p\99\\cQ˝\}3ޖ`A \N٪\Y`\!\)Y=\8\n\H\\\rd=,D\]\"9`q\H ;zѡEFh}*hu5\R\0SO1ZeHP\\ޤ;+\=\i9*x@\HߵJ\U<w#-\\r@\'v\\Z,\@\>J8`\0-s[\2B@\r1\RH\0a-3*H\jY@IR2\R_\x\'\3\ijB11\Zv\T\!L$|\/\N\\hğ\yJ\\	6\")\\<\\jY\0q\+CEB\r·\ ;\r\o]:XӤfD>Jb\OtY\}`M#a/[G\rC\\H$cg`Xմ~w,-\M,2fc9=ۛX Ɠ?\qކo\\nR\1Gp?\օDoYp\g\n˦\z\\\j\,ML\\0x?\rRC#ʃ\G=(\5\K.(\}3;\2֝\0K\S0qկ_p	an1\}!ڛ-OW\\0N\t^Kkc*@\0\c\z\\5vE)~\0knʹ\c\7ڵ5\r\B4+\"]\&\je&3)LGi\;օ\\\w2~\ީ\\մ\G3t\k?C\\0Hr?j;2ʲ\rdbGS5W\M4#I~\\\|\Zf~T!d\>]<G\N\"~\Z:D\9}\\r\Q/3UZ2\nےBИ=TO$\1\B\j\i\ZֳsS<ҔR\\n[\\#\\\鯭՝$	|&,n\il|\$\	?ʫ\CDY\3њos\&\0\0(f֡-\r[K;hf\Z\u=9]\#g\rIp\ͫ+n\A:K\j\0ؚ\[e\\0R~u\\=Bb\\r5?-\GGNkFޠ$^}vH ۵z\EYFv3y#j`gAnFĩ̑\4]L0\ZW\0s,?wX@Z p\cT\gݱl\ۓ\F;qU`T[\Dy\\[:mzU\ŝ Oi\Op\͢oL\0\d});^&ы\\\0\r\԰coZ\\YdϥkESZN1ǥ\\Y03\I\>B\\fE\;\}5\Cy,Č\0A\\n@Im\\\CH\#m\\%\A\mN\G\L\r2)E\0[D*ęLs\\\'\ŷP@A\\c~_QQ\\@>\Jf\\\\wMǗI\A\昿\[{h֓\\Zd3\>ԇF\$fV\"@2wOwu\B\ly$y1O	\֭Ԃ֑pM@\goof\韩[\t\0=~-ھu\\$`;x>sф\u[PSO`I\5\r\\51(8A\pޗMˁ\0E+b=\'!V\\0\	`q;\\rқŭ\\\0t\0c}Q;ɻ5D\dk	\]\\>u@\n\ϥlCӧ2\\nm^\\qJX1}\\;Fd\\\De4\W AzSK\\֬\n\n\]f]\\,\+*Ǜ\QkT:7\d\WĥZ\xΪ=ɨ\rq\@E: +5pBQ[r\")\!.&?ee\-f,@\"7\\*\s\\NN\0\'\@kL\ZI$ϭZ\\K\\\@s\\0Uh\(.ٸV4k\cm\z\\Z\I\0Tͻe4!W9$\0b~\U\s;(N\0\0P\,\n^ӤF0G\m[\iLpbcn\0.j\ɿp7\'={c~(Fۇ|WmMܞ}4Vj\w5IY\N\YC$JnņW+oB\\t\v#oI\ɴg\\ZA. ,H\I\\| NI\\i\v[gB\'a\hN4,ʾ?}\0\%\/\r\R\ә\\\Un̓M\\\,\H1\0P\ .&0N\ФQLT\!Kb=\!\\Smi\\\Tksl\ɐA\\ҧ(\0HYӵ2m\sRfOqJ\`Q\\U\]X\So\ \	\'\ǥUJ\sV[-`D<\E߇O\P3F\\R91U\\(:F̐}vPShtɑ<T0]\'&G+\Ų\\\`$,\0\2:0t\O˨,NV\09\0w\%XtST:N\\\5>SD;CA!\$2\\Q]Hj#WS4\X-\\r{\\$F&+}DoS\)rX-2B\nV&L0*}!\"LA?U`\3C{\1\\LU|2 zf\\k#0\\r#4d˅Y\ZYHv[\5zM:&4\P\ݴ,\aUDkF\k[:7\nhu!24#=\^5u1rZ\\i\wf;Ao޻\ `M]\ۊI\nF\"bdOA\\\h\ZJ 5\ dsWw@\N	>ʏZ\\uY\\v}\,\xLH>Pet+@m\'cW\J\Ȋbn>U*\x\"\B\\'TE\	G\iXS%\;\4#}*$	\he@\3?\\#x\y\(lV`I\\N }v4\\J\ȑAIu!5\\sQV\YAP\ۓ\jFCq\\J;!dJՋb\\\0ZV\6Z\\\\r\\04\\\0apX6\n۳\\r-%\ʲѤ\Zv\\\\ W\0Ɏ*|J\\\I\\05yC\\P \OΏ\{V\"\\N\Q\S\]E\ZRѓm-\~uêɝ\\G9(6MƸ\E,v\١\"඀,|\088\?)X򈃰38\Zae\úέ\cj2M\nH]\<\\vt2\\\V\\ݸ\\\0JLD\vT~\p%I\@\jT\3\:[\\Pns\y\T\rK`Fs%z6/t<[F\\l \01\1\\o\r\\*(\Y/Qe\\!@\p@\0\v\AQ^FUFX;\+cL暦_ญ D\Q|\\Ŕ2#>Z(Q\K(\0#T\ö?JK\xL?4^)\0:Ŧ+rVA2wr>Q\J0kwpszֵkB2\s>\DQf\\\D\"\)x\R$պGefR$MƋh\s\0haM\DF\\h47lXrV@\Ҝhƹ\0RHr\0m0T0\\\\}4\0*RN\\r$4\sM\"-\\rU8\rH0>%\<\咑t\:6>uK;۹ō\HQƋ\"Z9\nX\t3W\\0\"k!\\;n\\7\\_?\\U\f}8%AOAm\ɐ\\^\[A`=\th\Aҩ\f?N\m[PDfM}\Z֒-k:31\ |i\\\e\\"0rq\\xOX-:\aT\\\zec([\$0+c8\~qjU\\\jwn\'3t\z\vcT9\\=\q\\ s;\0\Y5dA(>u9^\n\e<\w9\\\)=mi\0\&c<\eTl\'՞QHɦbC#\cG\\jmO\0Fsֽ\\MgK\n{3\X7\ⴰY\Қk&\A[?\ΪD\F\\kTyD\\0\0ȝ\=C\RE\0Ɨ\0\I\~&\\,\\r\\rF\\\QKU\j岹=\\\\._ѪU9\v\?\gx>TM\6I\\{ѷҵ\_+$7\"@\I\\z6s5\\n:k#B!G\H\\y\Kn/KdhC\nU\\\d\s\pZ\\\M^$\m&6ܟ?=\Ώ.]\\EGl\̜`uN\}\p\'Q۝\Q\\FV2\aZB9<;I\)H\EŌ\02qS\	\_am&T)3n(\\\\<SmMВ&\e:A\\0?1U\zӡ\\'OʶzƷj\\\*tG\0$\\0\u\'*$g\\"=y\vm0FMd\\\0\ѲXM=؊B\Tf],246\>\\_t7`aǈK\0 s\b@\mu?Nr\\!4mOsʓ«91|FD \A\>Ŧ\9\\0/Ԭ\X`\)\\[\\Y`{\!\%X)#qVU\R\7V\p\a\\O,[\\4)$@\-$,;w\g\\R\QA\\g\\0*Hέɓ&Q7\TcyGh\ڷ\\Z\*\&b\yv\4rةi}Hם#WK\deD@\0@ա2\0\0m\B)ì|\m#[\ZLzz\pApcLD\Xe1RE\B\\`\n\\\0?U\RN`v=\E؍\U [\\A1晈\KVQHn߆\n2X\n6Q:\\0E\\0\h\GΉ7np\E\3\n\gk%c\_\4pj[N6;\|2w\^.tPi*<@L6*r<\n2\	,NwEK#g*H-\Z`jP㱩S*]p\=\eUfw2i\P%#O\\BUl?|5bkP&f)e\˫J\<\o_QD\\0\?\\bjF؋(\Pb\W#=\\N`gP\J=zG\Z\n`\\\o[e2	\SI4\\s=\\F\/*|X\" m0\)$pv\vT5n\#2G殥Ye\A\0\\\V:\\A\eOڇ\\"9j`hd\n̋w<q?:صfu`qX~\Z\\,*wO\`\\*8\jY9G$vPVr5\G]tef8;QYLcN&[\\8\5h[t#A\1pŴf\5|QI\ElS\0ݷХ\s\rx\)wD\]@g2s\~U\V\'\"i\sJ\\\\o¶Ă	`n?J\n\\\n\\9\0uf2ޮ\ Ԭ@\\`]\@\SP4\\0\g;z\Ͷ@\\34eK@:B\2\Y ]\Һ\r)uVsdA8?J*\*@\}yw\Z\\\j{\I\h2\1\}joQc\Q\\ʘ\,;\2\}OzP&$R\tX5D\=;U\nv#h\4-&xQYڹfͯ)`\\B$³FLN$`\0;E<m\ŻwV\\g$\"x4\"`J\D\$WB gҸ\nf\aj\DƜ8\-e%my\K{i\3-c	\)䗶# v>\g\e\0\0ݴP0\zmt׼Q8V<c\=\AE` \\RZ|U \`\\n\\p\<K!\#9?XЬ-&X\=1\ډ\[\k|д$ޕ*C`\0ڙu)\n\-%t\n#o_j]dZgeԧ9;N1YtW@\f\\]\XF\"S%	\Fh*\\"僟1\"8̴Օj\\0\c\ڍgQ͕\;\\G\6\Ƀwe\\\\,\"LH=v5dt\7Ͱ@@\8\i`k8+qpPRDS+\:f\0\օ`P n\'\\ɚq\9{!%<\~\~\dDB\f.-qy	\\"\Oln\9i\2@dlE^u#A7\\]AS:DDz}\"j\\CGh??Znĥ\Zfj!7t\&Xڮl\b,!W8hmÍK\&bH\\'\\i\nO		;Ll\Y\T>ߟօ~\5ԣ7K&ui_M\#&uX3&*!dJZ\Xnǥ\>\E\D\0Ykg}\j:^dd&`Ue\(5c\'Co2=\Wv\>]\/\dGҙ\	D횝Pf\0\#$\15~\\dBI\כ\m\7Ln\l\ҵ?񂫬89\bi\'\_\\r\\Ķ	m*bW\5w He\ZyP_$M\rRR ii 0ڧ}J\p\nZ\0O䟗.`\b6>\\\fƦ\P\@\L\\UPf]|M/\1\JZst*d\0H\0x5\\~\jV(4O3\M`{eAW\rk\\[2ߛ]h@\\'rFvP-[\"\A,\Z@\\0DQՍޜkI\\R\Jŧ\u_\o4e\'\`\0v\3H\/WM\I\8g{\rߗøB#\0\cz\\zwT\)\r\r\0\c+:3OR\5J\01DN?\=t\Z[r\rCLAv𺔒C\NV\\P\lkcE:\=` \I4V16\\	ҕt0|\ո\L\/%l\\*{qx\\3C-%/ӖmK7\ trG2$QzujȾ\r\\LFH \\\'5bv,<ّ-q\c\k:m\\\RڭZDu\\0*gُ\S`\0n\ D 	8>\;֛Xi(-dVn\\0\\\\s*N\\稻l\\D	:Z\eKm \`{S\]ٙ[SSTcO\Y*ڮce\'L#\&\nz)uY\tԬXr\'O\I\vmV7	\0`\\޴-\jҾ_ \Z\3\\\@OR-\\\	,:W#o\2\\mV&\Z@k\F\&d\L\ކz[%RѰ\[h\o\,\"A\\\\\}97\@+H\gwS\}J$X\0v<WzF.\"#w=^dw#\x涖\\G\\\M`t\Lb=i\/I`\K3??#z/V\\q޶\XZN\\\m\\1\WޫPj\\kQ\d\0\\~O\f\j\\%\H,my\\;*\$i1\B&7\\j[`\uMH=H\\\Z\S5\w\,.aUH\T\\\(ʩrw\'Q\Z$FQʺ9$ylslhO\\E\Zg\`t2\4gLN\3\G\-?\\Z\m\TS\w\u\?\ASH\3\AΛ¸חI#T\\n[C//m\h vϧ\0PZP2I>`)iݖO\\7,\'C\\\iKjz6\\H$\IQn[k.\ccr\:Z\ێ\f*3a\\\\Bc`\rE6+4\)?-\\NHA/c5!һv\r&QI[o*\v\v$D\0,[6爀2r=`|\fQAz^\\ozN`\ʴTYw\nW\*3޺\\\CI{\\rKK]D\ \M8E\ ׳\᝵DA?:W10`6pD)\r2\09gH\mZO`\gD\0B\\_J+\	 0{\q\n3X\O\\\\[day\\0w\=\SE\r\ιA~\t\!@ReF0\r+C.K\MV5\La}\\rh\	|iٺű1\\[J\\fwҥ^3E/Q\\HKEBՑ*\Bd\r;i\0\w\\D\5\0L2\\n\0\\JMLL] \\\\сF7,D$\Y\r\z\|F0\"*\"VN#\jJ\\-@\\\sR\TVd\p@\0ĆnV\Dޙ\\\\j\IF\\4\@\\\q#q\5(\2\\A*\\mDG)!Y*ǘ$Gϊ%\n<ԠWT\Z~\'|o;sKX>Aߏl\!LT#A\\\\;,\\\,Iͥ\v\<\\\ dy\u1lEh\4\\\\.Z0T\3\0kt \3\ee\niX\\"N;`͂u/\\mEv\Ii\"bE0A],V\\qdDP92?\ލ\\\<\0\goVP\7Q\,a5L=~u%\0pO\\d%DinޖN\\\\"\\r\)\0\\\E<\ZD1\3:y\\AI\"N\\L-\\{\\rv\0\\6=kE!\˸8#?u[JZG7$n\0\9\oF-C[\9+\m)r\<\97{\g:\\\\n\!\\;n\ViԀ6Y̴d\*z}\"ƶ\\ZEH\k[\ZV\\\vG+xDL\0\v{I\"\\\hf\ \OJ\nP~\\\[{lE\R\LRh-ݸ\\%\\g\SiurX\0\UQ\"H$\0\ꢵbf.,\3\\@K=?NKB*A&\d\~\H\Z`Ŵw}\n◻gY]L\\3\\\-׷i\-䂚$\0\"\JKWR\].K7\l\\0\d\8Pl6\\\`FT`a9=\\eF\\ \e\\1\7F\xz!B\41_nf\Ŷ#0>x%ˈ\^\\\\\'8\GY6\r\W\r\P\\+0Go\\O-\n\=\Nt\c1\"\'sqhV\\"I==S?Úv\Z\\nJO\]\Ss\1Δ\\'Ttwʱ\\ZvY3C㯈\X`mR\\\+*\ i\0\\ƧVw\\UN.0\`uB\I$NQv*Ŀ4c\?\Qf\\n\zl\ \I\\Z\;i$\0J.^1\\Ix8P\1\w\\H\\ڛ\r\\?wIxR/\g\á\"V)K5\cbݽ+_2\\\ݪ]tWh ==\u\'R\޵ZխC`\簪0P\0 \zg \QW@.J\<G=32\܎F@\-bJ4\뢑p#\F\\ѥ/\UC;۽l\'N\j5a#zXcx?\}4\0,\9\"ڸt\\\\K)\n0\'\\zӝC)A&b\'	%YgL\zpI2q1\*P-8&TP\ jA x\V@QHTgh\\\[\YW\r\Brh\S\\r A\\VYVGN\jR\r\8\>ʹ[LTD&Aa\.yC\X	]⚰HTn>\JRE \Ѯ\MN`t Q\YM-\\ a\0;ְ\\0Tert\\ 31\H9\$%\=3%Z\[zO\O$\\'3\\Yd\\\n:aY\@\Oz\M	fΡ,+\\n	|9\\A\ {w\O\%&aBM\nM\rB	?Ji^nt\.(Y`_)>W|㜂5\Z\u]GR\=\sW]\0z\@G\^\W{;XZ\4\\hJ\\\mW,A$c!X\Qz\r\w-Z\0X\0Á\\(\\t\~[\PirYXi:&\"=6y4\\\0^\'LM%\-8ـ}q\\Z(\٬\=\$@5H\'>-\\\\'QoK\$8Ӎ\{\{\[jz\UX\\Xw9ڶP5\/t%t\\\	#3\Z~q&\\uu\H\\\U1\;Un\'\ezȊ\`9\\֫i\x6,\fU\0\l\!Z\0ƺE\xP\Hc\x\*aV\5\~5|,&	a\\'ۜխ\\۞\ZSm\{/Ok\=\V\5qVu\$v\{\\MlEн\\+=ָu`g\"jT\grbT\Z\C2I\1?O<N\\\r%[I\ wz틃\RTwǾoBR\0\i\3hf\\BcO5G\-UUL\2ݷn\Z\2B\\\n\' 3\ZC&\\\]DI\'am#\j^\6\5\y\'\G\3ֻXWu\	(X1\\}\֩\X\n˪\Ӭ)RCi\'\\N*\0\Lb:]KFN{oNK\u\'\=+k֝@&\\HhޏciԹ-\Px\\'޷Vŗ\z\4ɘl\ZYRW\H3;\6\0Tڋ\0{DzQ\\BĜ\5XG,-\Z\ \q;Mt(\\VF6;\~%׵|\t&d\\[Goލ|\n	\d&\*(>\\Ub\\Qn\;,C(\\0D\i\B|Ehm\\ȓ\'\>UA\\3\\{P\U,\o3xdD\r\L\Cڀ,wXpWq=v\n\Ԑڔ3\$qF\Vέl!#~FƦUHUX&\o\@U&XEҷ2x qڜ(z{\\\V\n3\%*I+\"f`G5\-\\^\1|\8\0b#?l{Shn\IF\n\\T\\F79ڲ\BJ\1e\\\"\79sDdz\\\"\^UwRM\pO A;}*;[zvUZXG2Av0%Z2n.\2n3&GoZ5\\-VJ\Z~Ag,\Gd\\\D\ٹ\(B\	c\\\\#QT(-C+\ď\Z\|2{dmw˰\\w\\k6jz{t[S\-3sA\\\0;L3MDc>#\07J\Q6ݲJA\\~\\Z\'\	ޜWpZpN\\\n\$\K.\&sR\Z2~\n0K\0LB07\n1fkE\'O\\ބ-\\`Nyu.܂\[Nv6pͧ\`x\󠺉\f\qKC\\l\0ecQ\=&\6ˀ\0X9>n)>\Ӗ\-L@\0\';H\4&\˸1Km\\\>u\\0q\.Q {#\hW,\J	%vAL*8e\Ί \\=6\֮V\`𼲘\s\}\kN+	\0z}sG؜je-\0+\x[:bD{>F\ڎuI\ۏ\nٸ>F}j⎷Zr\"YF#Pr[lኆ\\N\ haNg\\TE@Ya\B_Ҫ\\"v$\X?}\Y#6U(_`p\޸\1\\6\:ud s\0t?&\|\@#e\\*f!A\'޸\rV\r7\nJ9_sTWm\1#\D\r\\$\:b@#\\'*D@\\ދM\7\<\'1PO$\y\Z \	0@8:b	`\Wu	\#(dG\_\0d\=7\۵eTA}7mj\[\C}cPJ\`\L \\\鑖\7ʲ+(m^ݞX%/,hn5,\fc;wٴY\6\\;\6;\E\[֊^W`\0\\TE\0%1\\YgE	\-\*-jugr58\#ڻ\je\n4\n\IO\r:oX.H`5`\0I\֑qt\r \iZ?C҉jA#86\\]\\0\T$\x?\0ϵ\\h\=\HC\G.A۱3k^\\B\@;\DΊb/d\r+m\ϊW1j\A̠LLd\}d(wl\ jUY:\Il\\.er)dz\v\'[\\Tiһo\0Sq\`E\$oz~\\\ru\na<d\s\kS\\\\ωT\yH\\7	7lA\Z\Z\{N\u\u19\\rt\\0Hlڟ\3K\\'#\\SE\\ZCj.HxGNwd\'8*/<!=\\\e\)uU	.Hbc\3\Y\U\􌝪-\q\Z1$\3FY\.\Nv{S\\"=\0\\0\WKAU8\uK@\0К\\<\4+o\DQ	 v\I8VQOf%%\0&p2)7@\\'TȘ\\zv\\t+կZ_\r\A\Э^DZE\n\ \?W\\Y%[uJ\j\\xl\$wuݍ)Y\Ll\.\#\rV_L\\d:\Z#u?A]y$gRQ4>q1N\	Rؾ\\'K\Ǫ3|:\\7ۋw-\\\[# ROL:eSQ?\z\W+[pT\z\\\\O-\\\S3{dc\>\z^E\ڴ\@\NX[p`>\rUC9޳NnX1y{\\0º\C{c5\ȓ\E\_\LS\\"m+*A:k5zcmg-:Jgh\ҽV \',fX%G\hHӍFV\oU&tèF\c+?\[\ͳ\<f\\ y@F\\x\0T\}&\e\Z/w\KDO៝/v\W\p	Իoj\m\0[&\\03<\?jm\\ǧڹά4%sqvm\_s{g\a\0\+Ml\0\ \jؽliI\r\$멚4\`\b1$FM\E\aXx.`|\\6);\;\`\ml\Sp \'\0\LV\6V}d@dϚ b;P}9\rkUY>\0\\O\7\r\]p58#\'\>?\\\\q?+$\\՘\Zfȴ\t39u\fA18>K\\X6\#LHs3g<S^\\KiO\P I\\fG[TjQ\5BB<bO\\:{I\YdA,`LXߊ;^nز\\\f\'\\rÞ1Fa+o\:d1\YƯ@F7;A\\E;߲M?[;d\YNA\Cq@,@-\ĊM\{ȁ\#J\~\mSk\\텛m1\mУ\>ɾGk\06$\\	\9SAWݷw\\\\RTI3\9\\\yo\m\\(*O\e\&g=\4[Ѝ^Fn\\wim	,\\\0%Eb\\\.O\`LmFz\HL#\{J mH^k\\Z꣡TR`)\Z̦~i\\hD]efl ۰\;\,+\T\\FX!᠒#6\\\nuuU2 \~@)*$x\Y\\\i\(EwB\\Lp9\0\֏\][V]\LN\Fcn\0:-5\"eWIc\9\r[m\\@ƭ ,N\\3Mr@U\ݒж+uUw\'\ҷp#[$P~]<ɧ@&N; c\\\m\cl?\r#I8lL<=Av4Ů[%qZ-\3* $Ę\7i.v\}cf\{LKѧ3_\y:Μ\[9u\0,O\j.B3\k YA\2cni\[:ko\\!F\oOV\O،]>9ciB9$\asj\O	m3eTG$\}oڼuy)3\n\QVޓږA\\Ǭz>\VOK\+:\\XO\\\T6\\\[\'X*50L\vX\d@&bt{\2\\@\0\:w s\\0&\ͺԩf\'HwPb\\\0\4癞+]\]Gש9U$9\\#oInXq}kW\>\\r,e Ǳ\\G\.rL\!3;\Z2ۼ֘[\\oFPq\\\|\'ky\ZLK\Zy?~\]1x\U͸+\D>y#3j`/ŧ\O0}>\Mp\\k\?\\\8jבeU.I:\爑\[\'ݬ\n\-x5?\)\"q\~8,\3J\\s\\k~%pn@$;d\\-y%\y\ޅ1Ԁ^`A\\p\Ub\0X9\;\\\035\Z\RHU?3\\KV\+ꥲ0KL\0w\ނ\lı\\(saυt\\LnOF3K!YU܍r3rF\0\\\ >-\xx\\n\\0\n\^j`\n9`*m2\n\,J/ًI\ RNdp{\\\0\r\9\Ur\n\м@۸\Db$\M\9i\"Hc3\\,kг\"1c\(T๦XyNM/b\BĀqD\\n\\AB\0ʙ&d_\yÁo\>D&\QCAc\0q\\Dd\X$c9\\]>Z\R\sMV\An&I@1\EKfX<\,UGь\u	\cm\\h#Pi9\[qy7\^\gHY\Ё\Z\F\\"\"3\\>UDh\0#0>j%U\\{7)?\w\ރ\0!gE/\(\\\G\\'n\2.h\\Ł\o]\qR`\r\K݆ dޕV@\'P\\p&\\|R煨m\05[m0⒋G#`j} \'bKI\59~zs>xH\3p<\0O~k	㽻\T\O\MGKV,	\4D\.\\\<|mlK!\\{\r\\T̫.ENT=\mҢI\c9.\Ct\\\|ęv]\'K*.	1\\\7z/9-?NA9A2y\';\rj ,\[\n\\\+gM\\Vmٹ{ETr\Tq `+<!\\\[%Ԡ$\x\Fk-a\z[m5\w\\\Qթ~\RlAvS DL\Z\\PV㗛d f;\ݢ\a.j\nE\g1#I=۷-\VeR\\y\\PP]\\0\tjƮ{G޵q4*\\#\'sLR\[w\\\n\0Pt\0@h\Ĝb\Oomݼ.xjV`\8C\rܝ7\\N\P\ݨ -\\Zu	32FeO\;R\p	\'\S~\r&\f\2AAh}\\\\\,]>ֶvHZ%pGY \]xu%tFj\``Df6(\\(#,\V\\<~\nִ\"jF\<z\ne\\yؾVb1\fs\fW}bݿ=*Жk%+Ka\2\\"KT\w_vH12w\J/^*-ݑ2i\/8\n\`\\)Xpz\$Hڵ\:D\0{\(-\\P\\IMmهnd\\\\.Xz\"t\?A[\I\Lz\\Q\AQi5	UL\~Msbgڡ_F(m(\\C\|\09-\9p\n~\p\:{I\\0v#\Jՙ1\.V\ \3*`Tf\P\$\\}hK#0؍j/e-\W,\\0`\H\Z^\\[/\ɌO\j/2g1>\\5\r\'\^t-n\\n>\\'V6\3?\\R@\r\<e\03I\O\\_K$fiJ;u0`Eyt_Ci\kKU۶t\\.f\SN	.\`zz5~Ĵ\8\\wR \O\T=\Z\@V~M֭\J򋿌λ\\\C2\\U\x`?S*j\\\'\@ș\VR\JG1\RT\Ihӵ\\hc$\%6\\n|V7J\:e\$\\i<֍\ȺH:\0\\g\\$nd\6Ͷ\0\\0K=\\\]	\=Lݹ\\:܃\w%ױ:H\\0\d4T\\3:($O1q+~\NA\\1\nL\'~\ZJcqYğ+\OuwІ%DdW\\RP\\.Yu\q\=wn\A\ \*п\]\<UB \p\'҆\\-;0{\\\Z2\y؋t\\+rಡJ8\\irʢJf\\G`;\\vR\\!\ZCT\z\\ڷToxLF](U\ɏڌkwlډS @X\׈\%β\X\"\0t&;v#ҋ~֋\:Hb\#\\\ŕfM+\dp64U]3@Y[f\gmaqnْT\$\WzM\n\\Kl(|\5@\0o\(Tuv2\0;\>\]\UYD6WSjA\v\\AŦ\\io+m jdj\pb4KV]\ndN眀=\G<kb\&ѽ\\0lfL\\\0U\^fo\r\6ѥAE-\0\9\fi[z@\Nv\#޻e/h\nu\'\\0qu\n|.Tov AT{-p[[1!9D\M\\\-ޖe5$\0\`&+vqL\Y\\Y}\\E\c:\ޝW V$FBꠇ\0(}\{\\\\!v]VԐzd\H:I\Z\\֘~c[0wN$p3=\nֲS\;\\\7ktck}=\YnBK)đ\\Tn\gkkv<\'\G}ԝ\^ vX-\\'fR>Xցko\#A\0\޳͂:E@ c\01\1Lt}\E\\|N\;Qo\\\~Nmd\5\t\ݼ\\\8\Z\zoҭ<>WLj[QǮ[l\\c7O\+\\0\nā\0q\z?\im\A 2\	O\nn\Kdh\ZxQ\{\"4\-\\\\=:\	hв+e$\04\L*+]\n(#;+΋zvA$s>U\5\,̋m\i q\;S)Y5]PYu;\r\\xܿj\\\i?H(h_{I,\1\Q1 #/\\mΎ\8ᕹo@.\r:&|cl\t\M\\\Џj\ꮷd\\ 0>aw\41\0i\	\\\YC2Xٺ[h>ƴ\ͻ\+1\\!f$\s\-\~5a\\63+~\r\'\K8	ӕ;\.#iAAqZbۮl+%Ko\5S\M\\0-\}=\T\aB,\ZW\RvlmO<\iJV91\M.\\\\,̕cw\#U1Sb\\`q\'?Nk\\n@19\>\Z2*yϨ\\\4\\"l\,H\ڪ\I-lADi&{\\0\K\3 \\\\4pL\`{W)`rJ\X`M\d4\\,W9_\;\5MFI\m y~BxޕEm@bo\kO,6$\b?z\]N4$\x%\J\\DWkWEzr-goAC.\\[jcrI5\YVuB\G\B\L\\\o	]\f̓<W1Dq#L83KY0[na+\72J-\n\ڙA	\	^aq\wHI+aCfv\VZ[\'J\oAKX23\ԣ.Hf\ZN\\c%&@\00Ҫ@\\*\n\'&,r\"H́8$Pd\)\`tL\r~߭\re^)\n[`L\\5NGq\dy\4\\ 8\4MDJ	2}TdZ,\Be\\n*.,fL\D,꡵>cW\:==\6\\0tǮ7\\"\n)iV_Od\Om;׬\0K<\!Az\=\\nC8$}\\i\n\\xip\0V\\oۼ-6\G:\I@\'\n\\Z2Ӧ#\:r\hf\j\YD6F9Gǡ|qn݅\"҂@1U\\\\0d\1:\)OSdWXh	\'T.\\F2H\c*9ʪ} ߝ7\\è,N\"&Iy\\n*v\ъ5\\\\r+-\nx\\09{Gɦ6C*H\'&0\\]K\]K\"\\֤ȁ\E(\A<#9\\]3\p\\Gԕ3r;})-\\!:\\\nlfTI\\#\58m:~%\\0>O*:\be\\,O\eJ^*H\b,k&\ܹbZ y\\;\:\݋HE\Z?1ۀ37\i\e\5\HpjzG}\۩\\0*Yf-HcA+\Ze\t\ԙWEe +,pG\}jq\\9s(62\0\"|VFu\0N`\\%u鮩+qe|.\Y\)Ӆhn* (\N\'yI\!\:\\\\)y9Ț(\nE\nY7 \N#\'\\V6\{z5\\	h&G\\nUdG+tĂF8R+I0\^\n\0Odc\+\40:IL|\\LH24\\rR\\lY<<\"@??Z\鮽ޡ\J\\\0:\N|\r*NX\?ꚵռY:$\GΣ(1-&mÐ,\09犭V_4\[	($+&G\֪\Xxȅd\2Ρԣ,r\6M\rp$\\\\L߽\"t\	[n>\Mz\\C4\NQ$2XhG\oZ-돥0E\Z\\#0?zΚM\\\04P2(j\#i\;\,\\\_\=غzbSmY\\j\\FWֽU\z#j_\?DS\ҭ\Ȯ\'麶1#-?\*\F\\\bD\5U\kw\V?\ڠJ\Go>>V#zioԛ\Qjg\0qI}E\RuI\\K7Ot\"T{\pȊ_T\\ڽn愀\nӵ)7\0VH\;RVa(\9\k!m,l`\rV\t]\\\0\\\\\57\lu	m\HV\?&M\@p9T\ZU;@|DkȤ\\p\}3\\03ں\r\JU,\0=o3n\*+A\|JR\df\pgmi\.ubB\|]\iv0p\_D\\\.m\\xj,\2\IР1\׸ \\\"mұ\n*9_)A\0oTh\y,\y\	\Z\;8:i\-\\\\2qPn\\i\\\0\n\\\"7ͪ\\\m2*)5\\NyL\r˅٘O\r\'\\2\Rr@\F\bB 0߿n~О	O\\[_J;O<$5d\X|2l`\"g\Gh\9߶?\R囌ĆT\\\?*ɫ)\ѓvٶ\0* \r^em$lq\\DR\eӥt)\nr	\;\\\n%-\\n\0\\C#SQkd%nBi&\>\uE\<Py\W\0ˆ`Q\}\\AqUƲQT:\ad1\\\\VภT@H\n\\U.VbɭZ\\\\aܝ\\Zi\\qqP\qq\\\'!\^bCK\\D2ޑ\n\\ῤ%HY$fG\T\'U\*Zl\T\\c\'o悔`siI\MW\af y|o\\i_(\\\\\D~z\Z\n8Eq$,`y\Y\nN 07\@?A+[a\uM\XK6\\in)\oCА\K~pM\YR0\\}\"%d\UM&IH\k\_]\$\\E`\5\3\f\\\\0և=b4\4HNL`I\BFY6Dz*\\ܽs*)i]M\N@\\7X_GWuimLt\57\\\\)\ʓ\\YxbΥ ~Eڙ ̙\1?\qj\6\\r\0\#4\Of7m!\(AB\00{FG\N\܅<S=\L\Ak\"\d7V	\	$\BN,K\Bۺ*2[\0\A\Zےr9ڍg[\2\"T-Zo]\\Hx\\'l\+\Cj\3Zf$	)kc8FJ\ͻ`\0%\\\"G](I\i۟\'kɛ̷;H\\W[]\jʺH\#\0} S\'\TmH\	K;d\G\ZqoZ\"Vb6\agjv\\b@\\|`J }5zK\\,6I\0T{\\t>XϷQ[M\MÊеB.\\"G\9\A\-7K\,W \4f\F\\B\<\\+f\*#\|\\"8\\3\{\'fћs\n\\mT{O1nߘycS\n\0QDm@{d\h\e#9\mİ%aH9\oVچ{\k\[矕P/sHt&\r\:8 \03\"#3]-\\)O?:i@̂\U|-cȤ\U\\<mڅ\'@D\\V8b;ޠ\z\0yE\\\ F\\H1\)h-IM\\\\Ͳ&\Lg\!d\'Ԏ*X	\jGC\@Q}*\<\nӚ\Ѩ\;I@YN\\]+rHTOs?J\\\lO\"%]Zc#N\0\j\ZX>8P\7U\fM\0aRL\=M\\$nw\jK\"I;\\\WN\ i \0n\\4\nD\\+2+(*K9R\K|1\\\\\l\\T\>4\Q\a>#\S\"{}+j\WN 3\\P\3@f\\\zۆMV\$LFџ	.63p\\\\nrN9Sx*UPmI\v\{=\\ںM	\]F20qYM\oj\I\J\\B\99\KXnE\ـ&$\0~6\\^\\\n\w339yZ\Km`LI@m.QIb5\m2 m\\Xh1p\[W-uV\r/921 1\\'qm\@i\rHg\bhIpJ\r~^Q!.2	S\O\nx烡)ؼPA	\0|=\ޚ\Ze\JqX$$\\]\z\"ڂC2$Nb&*l\\4F\p\3V\@-xzC\0*ٌN\zS5\\K3k%($A\\:dVՠ\0EW\}\/\.[Kpd\091ۓ\'\kt6?w\0\00\\\%F\0}\:?5[\y\T\\'ۊZ\[qvo5;mK\\Aӽ/)\\\\\bG4[5S\[\\R\\06\G=&rؽ\u\Zf\ur+Ի^-B\(`d\91\\0%<Koe\x-I9ۉ\;\<޽\*8$\\\1P\\\0/u\>`\\\0{c\0\\'Sӵa.-\8\0\g?m@ܳ~\\ԚpD̈\\\\Z:vPu\z	߸\.qYQ\nx\?\b\0&p9\\R-j:Q>S 9SFÆ\\P̉ڝ^kv\4Obk#rL\O\SmH\ި\y9\k^WnE\p\N\sSoppauLqǥdZv\rd5*ݚ5\\X]Aj\:\N\n\\0U\%AA\=EU\n\\0H$\ѭ_tb\8c|\!\H\}*\=pq2@\ޤ\0m!:. \iU-I\\D\\(.\lj ލӱ\\0	J\h\\6c\\4!lj\n	;\n+Z,\i\'P\\0DzR_ж\\\-3Xt	UM-D\r<\N\jYU*<\_\ǥ\\Y r+ u[\0|\ww^;Ey/\_\VƣiHa\\\w2#\G:p\rwNǲ.[D\\Xnl\'GjA]b\؎ƴ\\\ЊOL\A`\\X$I_JԶpӰez\\'>\8<8ޕ\z\\Z\ԄP ֕\hje;Z*ꮭ3\zE\xC\,\\\Z\\rlwʿ\pܵH L\\I\՞[u^g7\/tIRI{VwO[E6O(\UR\w\e\"j\؏遐r[.M\ըV\'$\G\+[Vm29\_\AȜ~Գu\5n\(\0x\z1+\"\r\+\Z`-An\\0	ˑ\ZC\\R\,1\;T$Jʑ{k\"PBI,d(\2*\Z\\k`C	8QYuZ(\\kֻFXڢ\.*tܴ։T\!Jgc\\=6\\rsRujJE\mS7Rݻmh [\\NiFg\0tel\'&y\cEdkK@-% ]g\\\#D\ZR\g&\*w#\4˭\YYC\ycU\\ׅj\\\	:G\\0b)Ԃ		\0`#n\@GZ	\.$x|؜J2}9(\:d\Z\L|\\\<lΝl\\'}\"$￥jO\rg\.X\&۰\0\'\\y\ 3\\]K-\p1\vꌄuZ?ӺL7=\xu̬\\'}4XZȿOӧTR\ߵ\\\\0`y}\ 8ʗ[]*\$Q,\\w\6\\'1;oJٶ[*\\y\"6\vY/\=d-9)Uiy;\0s\\\\rMΨkkfpxOnj\Y:\ux\1\nLO1\ʉsmM\l\m!Oy\_d>n\dve%!P`I;v@;[x+\"K[f\"i\n\H\0	uAΦ-g\'co]\e\Ze]T`\\<\\\V7m2\#K|t\Qn3\~%\" \ܜ|w8I1\R\bH1#}*\\xk\\\\|z\avZ\\'ySS*\\ ,a\\X۽_^2S\{Y	u\벬Bue^G.0!aϷ4\#|oQx-fEb\\'*rx\\]zo\\@ ;\)rU]8\Zq\V\ﺰdɀ9)/\M:OOϘ 4z{\\\\\k`\H0\l9r\\\r*\ۂ\,P0N\JNFū*;Φeȍƪ\\\ZdG\֕B\λXt]U-_\ZH~;mY)\r!P\37\j\D5_]Kt\\k\D$\oXmhi(H	3:W\\0\P_K|J!H<d$\[N=*\?OʘdArj\%\Z2ms&P\01<\9 `\]\|4WbP1Mԅb$UӕFbfPFtJ\K18;GU,\\d\  \\K[M#NdߓICD$4*Aђ\\ mU*lq\jkj\)	\Z7\C6I;qZ`$O;\nR\WfcߵN`]`%E>\n\0\dz\\2\>\9*\r\baf4\\'ޡdiC)LU\犤l0 rf8\ThBޣA\g\"Z=\\Ʒu.+hmAA\\sQ4t\s\Ml\iOʋ{XC\%H\\A\\w\ФF\ZT\n\\2^	mIU$\.C%t\\0`￿ֻ\Y\kpWV3x=j\tp\օXi\}д32`\"?l\\\U\dpdw\\(<G^<$.^T@rx\\\\t\r\ns38\nm[V7\!\UӧcoC/sG0S\zփFe	\'h\+\sL}&\5+_jJo\{bA#J̆PS0O\(M\\\Jڄvڝ 6G\;Ij%-\FI1 \m\(3\0d8f3\rΡP\͕ҥN~TGeJ?TħAi3߸\0FxDA\[W@$7\ڻGr\k\rʺ8\l0=\W\m\v!I3\v\{\\\rq\[\Z\g3\@\:3iN\D\|Ֆ\t]5\\Sm\VӪ6\dNfs}-6\P2v\-Ӌ\\*[+J<ffLIKٸ\:\ssN{B\۶\ͥӼ\do\3z\e\.I;0Aqr9 jۑ\Tmqlt\F\\:]o|\\ҺZ\F\dc\\\\ZU`U\n۵\ny3\q[\q	%P#\\\{~QWA,\bca\\5F7Z]\*Y;m\:lx!d\wǵW \+g\*!rI\##֍m\R	$DECZ-s\Qe\'J\Z\%dD#{u J6[.OHҦd\\7n\i\NA\ǿ7ȒTGsN\\"\\[`x\ZA\\i5g$:4hi,LgUjX(ͷ\Z_F\,-\\r\}Ioa\1\6\8^\'[5\J-<ٌOsoB1m\\r\\\\@Hɏ)3LX\I?Or\4YSԼ\R6;\dYVR)+\\k{BU\=lu> v\0~\7ա\\t\0G\)k\\=*\/>\座:\\\r*Mdo\\\	L5eK6\\Z=R\H\/ӍG\3ޞ4&ۣ5LQDw^Ζ\\\ȯ]nŤ\>D\X}Oພ%=*\\\4C\.\tm \M+Zݎ\b\n\ї\\X\\/JRt*\\\c	:\Ժ\\YH\\Ud\>FP\\4ݫ\\SNtp}铩\:n\֑\zj\qJ\Tƈ\v\6\0`EH=5KI.Ul\RgV\\[\B\T N~Q57hZd2;jV m\\\/\\JP]&Lo\\k\c?jK`\r6\\*\n\N,klX\\0zޛR87<\Hd\۶+#꟡nں:|E\\+HVo\\\0Ц5I\\}wTfBQ\0X]Pk\h-wAN\u2&F>> RY\uzvw\Z!0qK\P\o\cBd\a\c\\\\\kd\py\HUZ\d@\n\c\$*{`/\\l[\ntމ~ϗ.bDm\'\B\\`>a+\zBX\mP\ng\iў\V\#8%d1Ul:-]N%\\\"\ع \\E[K\"\i\n1\\q[teIQ,x+t*gI*A}gz\K\gCmmw\`IS\ݮ3\r.\\Zu#\\0\vސM\P\\\ș\\\ҙ<d\r\}\g\3\\01	#xp>\"coRR\2\01pYy\'\0L@\ԭCI\ @\m>)lӌGqLՏ`l \s|ٸCY{T\n129B#0j\IXj\m(2Up\00\\\"JId\;\Z\eX9T2\j6Jۻm\r\P\-\`\D\3bK}+[vWpģS@xv\\\\YF\\'\&\t\P+\tK#\ZڅyQԥ:Q\&3v\WӒmZ\$\>׍J6\F\q\~XuhY\\nG\\Q\xUR|`㚽\>sqeFr~T%hӕ3\\D	\ZS\\\ \g]/*\af1ɥKm\Xߟ\+4`0$\\yCQ1\\7!F\\$/jЦ\0\ԥ*3$xFd\\^\Tj\\Y\\N\\ޞޣ\.\>kw	\̠;\0y\RA\'8\SՑ{zpU\\"G\V\C\Zn\x\ՌL\g\6@N\ލjX1FU\o?J1M	>=.;X.\\S\"\w搽\5\\F\{\nK֛8%K4G\\[\.3*adv\zsI8;z9q5gKLG7}I,##zz\\ű#\9Sm\`zG\&M<1gll1Ț\"6ڤv\+\7\:\-#39l~ UR\gy\\fq.P\\fg1d\A\"D\Mŀg<2\r۴\(\[m&Ɏ\17(\R\?\pf I4KFZ⿂L9\\izs&\\\ =\P:;	\\\'oԁ\\ִ6Yq\0\\N\s5(ʶU L\O\nC&1,A\{T\\`\a\IQ;+\\uh\ZY{c8k\rd\\hJi\"?\Pbp]0CQ!)uXlA⥜Lh\\J\H\q\[\Kv\KS\\n\Φ .\f@\ZX)\\EMM}\W\Y|\.zI-\}|\\\\\y\z}\:tbA`eSB\A\0\0\L?z\d@I\fڹvY2\Z\Sl\rR\̠iLo\khLj\'5W@\N&v&*Q\H\\R\:\0X^\Zmn\c \j\ag\\5~\\y]nÀ\,\`8\\r5\i\,;\q9>7WGclwX\\\\uF\8\'\wHȌLNq\#RUEF=\Vڸ\n\\'\5kn\E\t\d<s\[W?X]W.]\ʮ\s\zHO0t\\g\vMlji_/*WJ\1\7*Y[Z\I\\0e\\\\0\ @\"{o϶jnٿfia\\#ҩ5\ZƸn(\iFmF\'\A\]UI\nH i?;\"KjI2\\rYv\\&\-q\l\\i\\0UQ0]\\j0t\*|\gKJ.kG>h?@A4 Yzini9\x\5\Z\\a\\8\a#\E\Z\\ü\-\"wp9\\ZݡJ7\\\s\VݵAg1syn%IErd\"~|a_\\GŐ\q:DnO<Ѕ[dC, \D\1L5\z焠M yb\"N`I\~_\Z]\N\\84ɿFO\Ft.[n\\\D~D	>:a\+b/\`\l8\T-\e+mܙ#8^~W^KA#Ĺg\O&\qTU\\RHą+\eӦ`n(wUт%徫\\\i\``\r\nz\n\PRe04\,\1M\g\Nt\1AZ\vd\EE\྘&\ޗwlK#Q2	&\z\\\\0Et\#\\+\ŷ\'@#pBYib\\MfO\dGy\+\R\\Z9\ы9\"F\'\0\0o:d\Mxz\-\Zt\H\0~\nHT^đH[l\*\0\0\}\\\iP\ϩD\P\0\`NF\F\0sLKn3W~\Ե\\\:B!N߯5n\'O\0]X\L=$\m\0q\\r0I޷VS&j\G/H<ӝ?S5\#`G/v\շ\9Md\S6ɲKy\\폭dkl\{\}%\r\\+H\0\j\٭\%g|\z|lDyȚӱn`\p\֏G=!vM\@Z5\ks\0\r[陯Oŷ4gP \R6E\\\\rk\rźz\QY:S`\a2\Μݶ@:I\\\\\0\>ֽlN\6\[T\>d̥v\MnbvC\L]\]P-\'R}_\Goõ\\\\0\Wd21\-\\$.0)w5F\0x\'*uaXGg}QY8Қ\\Jٲ\*3\Fg\ܢ\\\0O<}2\\ d#ڵ-=\\0Sͤ\ɃEIǮYze\3#\ >Pc\0\}i1\"-<L\~-\\5\+ʡch\\]g=\g>X&m\,ERwvޗu{\0*H+qLe&h\=\G6\b\n|\#?S\	`ཱུCIn\ro\0+\y\+@\ļӳӶczV@:xhȘ\ȝJq\\\\\t38[mg\a1\g\j7C\0&\\S$\\ˣS\±a\0O\}MR\ifյ\\\0\\zjV\|3\0w\D6m<2g[*>ZҤlGiam3\J늎\\Вlv.Z[wUU\c>\W_M n\'\]4\i\vSuo\rB	\0\\\;\7ti FG\01\\S1\0zMD\	\+ \+E7D\\@\"\Z:坢A}\;\\QhO&`\ֳps<~zQ\񐘶Z\\\?򚸆\e/\"r\i\^\0\\\'>#-匒 P헲*\D㑶\sޑ\΅6gjmgQ$SAv[\ \&\#\'\\\֣\U\\7 \ \0\9`V\#Q%$U9AVǑ\d4:\\UW%	Ft\\1\\S7S6(,\k\1pF?QB\-\0\yd\\\T%HU2`d\⹚ʢl띈wgFx@@AY\3;b}\\ۂbvȩKEb\3\0\@\\D\b䲃\0N\2\Z\7 \jT\cam$\wU.\\Z~\mސ\S\NGv0\H ᮈrQ\\kM5\6\n\Z\ ڲV\\nHsl\ى qȦ\\fy\3|ln\\\t\}~T_\0o)\\ZrF\#\\Aq[\m\O֌\\KA3oi)wT)($\\\\){\\\zTL=;\\܁:\\\\fgv2X\I\[4Ve\Z\K~m%}@Π(\=I~}\0d\mjϬTPP\ZXmп\S\\-\"e\Z\'}?\t1lN/]\\\kv26\\Qe.\'H\r9$\r}l1Wha.)\DO1\^\d)\f??Zu-Y\q\t\\\7zvw\\_6H\0\0>\\ZvQM=FPeT$m@\O \(\v\\\ry\\U{lU\A\\@\+\,u \j\\.@gv*uA\*\n\Z\F\\Ԭ+u(\Ye\3\US\0ɹ\`*(,\P\0d,XS`@\	\4E~5\mi	-BI\ccև~\%\	X$A\'m\RuL@,\ݶR$\|`Aǖ9#Uץ7(Ȉ\'q\PZX\o\\\>ax[Ҡ\LI\j. \\J\\Z\\'x\\5v\O[\\;9\\FDg[qSk?S\<>[q@l\04\\Z&\*\\4>uqM\p 1\\\\L)қ5άf\F\\D\m\Ⓕ\bK2q\\\[tin(\'Ϲ\T&\\Uq$3\u\\\\\O\\\\\\)x>\]av\4\]zU~\fN7\\\!HC7kl<8h\TyK\nذ<]AA$i\\\l\ra\(wl߷wK8\ZcSm8x\@Z1\\rn\:w^guO\7^ҹ\0\8G\Y\W7|v\rr[WT8\qf]X\\@p@?J[\,+T9ԌNy\\V\"\n\'aLU	,+ }\'ϖǈHa*uA8\n^7Mǽm\\\ר\:qͧl\ʏ\g\+\\0\\\th\[\G|}\hLy\r\0w#\|u\'\\ĝ\\\\]Ml\"1#\@\uf梎L\0#\H\]K7xE\ZnHp\|;%G:Jo\r=@\[*\R2Iaϸ(\m1t\\(\08\Q\n\^\ֳt\6et|\' \]\s\{mÇ\r@z-ldZ\A0\\j\^\&#+4>\cҵdȶ\\6A,%3\KX@&eK	\0z\\Ah..:̉BGNRY$HL1%\Sp*.1\@P\|V)e\^{m\0\rL36\"{P\_[wB\@	@\3\j\r\Oӵ\.\a#\֕\nᷩXiC\϶sU\IEٌ\\3\-m%2$F\2O8\\/\v-gQ=\Țd,x\\kf`41̗YF\\\\ZU5\n<\p\1\z[\\Z\0XL7\3A6ttQ\i\0L%d\i\\ޔ\0\"\"&7p:\Zt7)\\0\\;U\"ǔgV\䜄MB$\\/I\"3]cC\\>)u\W\0[0\QeL\'\=k4#\{\\)Ը4.v?^+RپUYtzI\Ha\0\M[-\\Ivv+j\I\0 ?\6ٚݷ-o\Hڷ{\\\0\\/+\\aR\K;6M3*Oj\Pm;m[Ӗ/A\~?j\䷣\fڐ2NȺ;MCʷ#Tc^TЪ\t̞\~:>\f|\0wUU.\\0W\"\0\\\\OL\\07+dv\\0\\p\\\\9e\nv9\]P\iǔ]\t\\T2ҝi=3zS7X\\\ul\qq\\n0Z1ڵzU{\m4Dq\V\z{}Eax\5ޝ\r\D۽,2K[\\Ӫv.\dG#P!l@\Y6]6\Zdȅ\025%Zf\ň}0w\"&)}?zO{\r\0-3ǭp,\	iϝ-x(4\YOH\4Tkٽ\0\{~\n%[\`<\g\C\υt<0|\\OL\\\E\"P&c\ƃ3sY78\\rmĸ.2hϩ\p@@UN8\\C\e?[۴d~sZ\"HҊ9ؘ\0u\\0z\`\)F\,\*G\gXm\"n.\"\\"\g\Z\\}84\;\n=\n|&s&\k	2\bL\&i\	=0mE \N\0\>\nzD#ڌ[mJG\\JiPE\J&\"8Xr\A\rVפR $68fe\\\'<74\\\'ڇ\"-q\nۑǥˊSI\SUI+&\rQZT\0>` z%#,\dIC8\0z\\-v\8Lz}\Wuip a?~\0T\Y$$\\x\c,l_m[\Z\\Zc/u.U!e\D$cns\NS\0A\8aoYki\Kf&31>\ҧ(&Vd=\\\\0\ք\T&\I_lV7]\t=\\\\.\ArI$1F\\x\KؓY\n\S\0o6iZ\(VbI8\r\\0/\>(\g\S;\\\<GBvB\\d{c\K`<\v,1Ic\RA}OzK)C6\\:ɶ0H\q*)j\#ZU.@?3i@\\jc\Ȝ]{\\qt>^\_,\0I\\jBJ)=-M<^ܐ\XF$\\'\X4jcǗ\503\r\\՜⼚aZ\Wr(w-Z\|C91\\@NC\}h\HPdo3W \0 N(Mj5(\0\M@!p\pH6 I\Oj\r\_fq\![jEG\\ېӖm5\HZIh(꯲,\SP#Q.~\˗aY^6i2B\HU\:\\t\";\iXr\\;ăs\BunH\#\[d̜w?X\rI\yb	l_\Å\YL0\\\\܈X?\;o\\\K\n\brw\U\\\/\\@X18\5-\G6\\] unp	;Pׇ[tiaO1\E7\`\a\(`B\)P1\'P=ϯҹ0Dm|\+k\\;Txt[\(\<H\\'~EP\iʉ\G\W*IdK\07\n\dși\\\%v,N};\0ʃ\CVǖ_s\\\ʔcu$8#|zWV&\T4;\CQ\\\"v\W/U\KwK\~P\Q\CiTxX\hN 6gQ\鶷j75\g@4I\0g\\0w۲HQl8\3	\0\`OJ0\4Fw=\\wt3\\/t\-!\\80\"$}ޏ1>D\\qϥ?\$}Qz&,\0\0@Ni#|S\n7Ml36\\\iWiwR@B(f۔\\X)\'FDj\S\\@H\\Wg\|\x-N3\N$Oמj\u\܄ \szjΖu\	D?\Y\\.\&Fc_]\mW@i\'|H\"\o\\)\5\(c=~\:{\\\\0տh\u	B`\0\\n*7Qⰺ\-\t q\\+\T*TWWyr\\\㰴I9i\0zWGx1ͦ`\B\n=*\\'|A\\"3GK\\WB\<\0qǗ\\^\9Cg8\Ѡ\.\\r\5\Z\2p?\V\Kl\##)H\̡\\}3R8%UZ6\\(\uM{K\ӵem<\\\	aa\0DN0\\\\C\n\[\'̰aQ\\\=\Q 3O\=\\zm ֺ,4\e$FH\\1y\;]E\>w$\6\iAymr\\ikӸ|2\\ek\\H\7fIjи\\D\"\9ێ*\|+Ks\hǱspSq\U\\0ɓ۾x:Z\PXu1$\9\r6x\\'aU.\j\F\L\gaY\\a.Q0y\Z{I*\rhbI5\[7	7I&LhW%&\r\+NA|+?Q<fuFQ\Z8\0Rj\\\ƐC\0\L\p?\"J\]\<[ҷI(7lS\\\n\\Y 3\\7e@g\oRZ\0کb\6c n.dN7:nK {\S<ed\\\'\'\[fb$i1ϴW+\RVDȎI\\ZyqҽFb<@81\\;n\\\"\貱x?Ư$\\7ڟ\Exv5\M\0Wu\ڽʄF\'zbi\a^>\n1mؒA0\0D\/O$\.B.l~M^ͷ\Ψ\5d{t\\\\V\A\ӹlo\0	q(<RiJI\ߊ帳;Z\(\\\"r@Pꋩ:V[Gz\\0\rVq>^f\"\xR\Զy\\0\0\n=Zx\nːx>\OK}m_]-\tᔘx?[5\ZLH#q\]<\\i\G\h*ev\r?.J\i\\'aH\r\\\-ܗ@0ǚ\l9Xԝ=@/\aG\I\ܹz\ހ$\\җ&\-kz\r\'\{ E\@c\{L(\y\0p\I❳\\*m\Lj<O\jmX%\	$ \QTh)%\\07W\I\Ų\|li\\'zZ~l+ 0\\ ӟ!z\\E}L	ƴQR\\%9oԘU!A\҄_\{<\tӀbO5[W^\+4\5\0I31C\:b\/\^\W_4#ɫ\'u`>z\\ωlT\;E^\TmC\\k\{\A\\\r]jb\RN%qA4(fY\4\Ixiԙ0$OUj\MrN\"~U_\Z徐iB\\\\\"R\s:L\wb\\dɮPBېOdV}J\\\݋%sMrp\#\\*1K\P\\\1\ކZ@۹\\.uUuF]Ֆ\W\[\n|\_P#\X8{\rq\\\"I\\CmIaHIޘk~:]D1s\\ڂ\o,$\\3ol6N>)fAT=\ڴn\%@A(7-)v\Ӫ`lvj-e(:ߙ^o\KlX+b\ϾbӦgBNBb`ǾqJ:ޛ\\A332Y`a\\MZ峣\F\\0\\#:x~\\[\\bڍ:ٳzG\\ZdəBP:W\"\rh\)\\\gQ18\0}~Cl\1\Zv0d\\4\6\\F\Gm\]B2e#*MR*xh\n\\Av?\\/rcvRB#\'\*q\0`m\<\?\&\c\#\cb\˅\\$X,Fw\n	8> )\0dd6)\u\\Zq~?գ͒oh\K\\c\#\S-J\\@^~\R\\Z\:\[l|K[\>\\\5#-zkTASE6_〄V1z{n\u\`7\0`A1o\Zx=\06$\)3YP30	$\;S:ZҰ=5eKW\EѤn\\\ȂI\xYNKfa\nP܌\Z\'L,^=c?Zkp\L\}\w!WV\Y8R5O%Т\fHKr\Ԑv\nW\'\A\\\E\2jٴ;\i\0ޖR\1Rҫ\0\P+E\P@,\\\\0)q\z4(1\6\hQ\Z!\0\iGS\0n9hf%TLȄ \ku 3j>\0\Z\\`QEj\\$,Ʈ|&5 \Nݳh\\v$ynw\cv\f70gv\&z.\m\0\\R;9\jXj;\\\nѲ?n0\0\\0J逸.\L}\&?nqM7z[\\\,\0\"q\\F\鮥W;3 \``;oGk;\=;jE\mM}&y|\%F໠3H!^r1ne6$\8\'iv\Y`\,<\ך)`hH\\'GVvܢOּ\\Y\)k\\0\M@\⫤*|@Y:F%\ڀ`	\	:KN\\\\Z\+;\\Wb\q\\\Td\(u\LDv\\Hl\Sn\e\ҮKO \M	q facVx:Z\+EK@`ա\lw\My n{E\0Ѕ\,VU\F\i~yt()GF{\\E$\\\P t\&4\6z~.J\.\E*X=:5iϧǥzKg!%lv\q^wr\8=\\'\z\STK1ywt\חV`v\\[\x,\௧\:R\,(\~n;g\ӵ\, \ /oSX\nFmn\A\|\r܊\ڒz\z\8ٷ\Vؕ2pȜBtks\\Ax\r\x\RIt_\rPZ@\>\[@\p5kf\9\ihЭ[EO\U&H`}g6\T&\U$\d\2GM\\Z\ۧ\z\\fBs\\\&7^Ю\rw/\\%{\jr\O{@\\\\\\>w\\§@es\I\#x>ۉ3=߶\`\'N\94\V\\hǸ=\4\͑p\\an\\j\p397\\0I[z:fp-j\\M,$l\'嘜{\UfvaF?\"t]Fsvޒu	>k\X!X\'g	4(\\.֐.WN\$\\M({\5cp1Ljul\\".-hjlmҎle~h 5\R\\6\ˬE@4\\r2d8,\0\'$Ӡ5{S\Smˆ8=߅m\(\)b\\j(d̃ZWjoP\rDOe|\05\^j`H\AVŻenc/ށ\\\Z6\\P\#\\x_\u Xj\iI{dT\\\nj]JĐ2\\L\1XC朑aN[X3Pl\&(r\\(hZْb\\\kj[ޮ\\"@*_[\\[\\#rh=M\E&FX6r):ӴWk\"]gDN|x5\:\ApY+܋O\\0x_\\'RdwCpmY\C&\\'\B4\)n\;\Pm<\^ȵh=\\\+\Ee~}Zg$VIw]\\\\L^铨vU]Kd\qA\1n\d\)\=Jsʝ\gQ\\\\\9W▕\Z G4bz;w[G\Z3\j\޴!\ \\\\\0⳿\gWv\rhL\T$5X\\\0\I|#գHQ\0HNЄj́ؓGP.<V\"%~b\v\5\0\\\-uB\rWr$\ZO\\*g޵]\/)җ\\?\4Z`x3\\n`p1\Id2Jrg׊d\֡mA|{\HH\~\za\캂uAr#q\TB(\Y}\\\;u\)?QPO\\'aQO#\eml\`\gmN\0\\ ;|t\v\*AfOmꉨ\Q\;#!\\+o@g]\0\\"Yh鎜ȇ\[²\?\\C\0\0rd{\ʍx\2\q\\j\ݧ}\sn\FkHDiW5U\hʝ%abcVކN`yq\w\T\n[7eR\'\Z5\QpB\$\\@JhbdL\hጘ\rrGΨ-(@\bL,\|Uʅ+\3\m\0Z\ǨUli\0\\CeV*\\\\\{~EV\/en.pE1\x5\3&Ud	ϥ$Z2}#	gܜ\E!4t\zv{\Vc\T\"V\n\a\cϥs\L\'Bd\0F\\N1#\΃+$yF{}>\dޖpLv\*H5\r\\Egb[H\\"\3\D\\r\\0\cLAQ)ϩ\\̩H1H\0\z\xܶ)b-0c1S\\X%:\YF9\\G\g,ۍ\U۱J\Oi\Z|V \0\<f\\e\\۹mƲO\\\\-{.GyL\N#$ם<\ӟN\\\rd#(%YeI`{\g\\\\\\05~\.i(\"F\Mj_Hm,wp\f	<\\\.^{lJruF\\~՞_\śϧHG#s#\+./G\2\\߱uIVi24Fw{Wu635V \'\ɩN\[o	\\;L@[v\έ}j\\\\\\Aa!A\1Ҧڭ\K\# \\:?\!PTƓ\3K\A\Ud\E%Dd3Yt$	\\0;ݵ\%\!+\x\Kv\QdYW[B\\ZczG^\\-!T6\\0\U\y?+0ufy۝w[S8\DG\\\#\@$$L{惯EaC0Y\nQ&SoNd.eOP \mFj\\~?ZQe\"M\\\nEi	W\"\\zp\\rƸ5Ih5\n<\\0rv<\\Uq|@n+*$ZoJ<%1\"U\IN^\R>8\:e.\1&\nz8鏕\n\e`ϕl*Vqr|5\<\'>u\Hܕ\X΢,N@\hW-dP\0{66F\Z\?8VR}f\:\TZ\\nʒX(J\N\\0A\\T\H\\^V$u\\&g96B)##Sy،\sYEkф\^^GX:\\'>BA$\/UcAg\"\\pi;\\u	[\!{F峥\"r\z\\\qg\٧\wJ\xh1G\rۗu\\dt\A]3\04\\\nT\HkJ\rl&oh\ \\n \oWw2w6ݯXAv\b\\\\\"H\\0DW\g2\bnc-\0kO4#a<{d±\nPdc\<^0u)\)\D\e\Ib|\F\0\?\E\~\\0A%d\\ΊYGH\\]]MJ\0̮\0\23d\xI{6\\eBq\I\\R%L,\\'s\\\0\\\<R?\\\D\ \dr;Wbvx\\U\pڈ\0A8$A\\\\\`|\\\0\\p[\r&\\V\\0Lc\ȉ\\r%\0\&5i>\m?OJj(K/D\za\rj.9,I12q\O.[eR@bg\~\F\\vU޳V\ZloE/B\rC\\LcD\\/*]bAǄ	 iN{JVј%*O~r\Ήa6C\I\1\sxc7.v\[e\W9$\y&K\m\y(QX<~M-\X\*4\@^=ۃ;#X\n-M5dg4bցB\ZJ[\m\, m6Wؓ}#\WV\\\V\<@`\'3}[Q?EX\(11y\\FE-:3\=2\k\|BWJN\'߱=\9R\.BGV\y\Xx+ \\d#VH\S{[!n\\81Kx.i:H8=\&R2^j\UglyWe^b3v4%Ak\~v\ 4q5OщcK\n9\\c\"\'⠒W{\6\\0\ڤ(\'3\5[ƶ\+y7\B$cZ=\pG9\4.N&\E\*{W#mRG\T\ZR\Ib(\&s[\8l\r\\\'\c%\m#l\Zn\S\0۸\0\\e\$r*\ݕ\50\->\+B\\0\Ӽ\%qX:!\O\'%au>=X{\Z?Sqx!\\FRE^Jɥ%\qH*\"\\N\m\Ydʬɤ8 \]䭜\>\\S	a<S\\'X\ZCm\\<{Q\rε\@yY$;\W\n\5^\]S%\n\\\0}C0N@jkW\VkMz\=U%\3SSip<\\.Wua$w1Z\0\\0\k/[\x!DG\'\'o_\V\3\dJ\0uYN3Tz	\\]VxD\x\aЯM\#Q\۝P\\1JPh\*\Bos*\C1K:;\X\\.tyf-(4\\7O\"5bEn|51	\z|7Xs\\BP9%jh\*[Lʛ\=Y=\\'̠2y>S:r\01%g̜ج\e4\6\\ɍR\\MIH$b\\e\4*\#hۚ\BIVA\[,\\r\\ZTD{\j|m)T[b#\qlɒ\\*́\nf{b\H[k\{>\E\imD\=\\ӂ	$J\\p{\>\+?\0!p4\9\\ڎlXPJ$\0\	\04\"V\E\\<Q^o86\N7Gn(-l\4uDe\0}\Z\*UY\\4`-\\\ \u$	ӏ\hR7#\\F\\$n#\\0z\r;C2*!@\\0cޙIuvFQT\\VP&sI6\n\"u\\>S\)\Z*j\\jV\\0\Y\'\\0cߞ7\-!K\3;}\\\oT\Z?-V@<\0\'B\mT:fsFFfLB1olivùi\!T\\0?:\\\\*LL\ʦ\YHW\\Nm\oz2=\kl\\qEԄ<JS$|\:/X~\[=FĆc,Oy|:gc\0\r\\sE6\\\\\\\\h(-\\-O6\KCYKwJ)B*uN\x\\\\^Ts*DA#n\\.yъ\7BݶT\\!pG锜t,_\{v!̕=U\\եIq\\]1p\J\DL>\ݮ۹b0AWT9S\9\'\0=f&\\}3\K6`fc,<L.g\(-\0\s>Us\\\n\rC&coSg;-\"vc:s\>E-B\VV\2d\"Y|\>d~\[ao\0\&N9\0EmdX\g}+T\0H翵1o7-|M_\J\0]9\d\r[{zұ{xN\\G\\D6g=a*\i\\5ki	0#?(3Ye/xGR\H<\ީr!RǥJU&4\\"2q][\0\\\'ʲAgj\[%LQm:v\fkD\\\\QckM\\h\\q@8\Lq\\ң/o֝1\ZYgh\'@/]kj\B\EZ\\,5\ǻq$Mڹ\tn\VKdf\r 7;fm\y\۶N5I\\1\C&{:.X\[7\WP\#\\z\\U:?˱č=\+m\ V\rp}\K!c\\3\0H\\ĨVwA\^{YH޷l\\qk&[iq\KH\n\#<\0\:e)V=?p\q\U\\ܱpSeԗ#\\\kuo\?t3\&2\f\f\cC%\ZU*;k5%L\m\\4@Yh< \.\\\0K?5\.k\1\䓌\?j7\o\\0+3z\\"\\.7K#%N\\\\;n<\0r?&\Ļa@)wØvNNj\#i\04\<\\̭<i4\\12A$\<\jd\r\\(U@G\d\l\ryɟQ~\\4\o~\zsL\\U\H:^+\\FgQ\'1\'c\\\\\\C0\9^\[p-\\\"Lv\+\n\(\Z\nNGڟ\sҋֺ\[A\Z`\a8\4CFf%=\\?\6\-^\i\&I؀?jſ:\Z\@핀H\z\"oL@\\0I\&C	\K\H\u_H,\(\0V.^Fi\"C\\\\\fͶUV/$L@#9.UJ\]V֚\2\$\0r}⮎C:\,\\\N؁#}{\\\@\0oJ|`\\~\Z\C\\\Ā\"}s\Ҷ+G[e-p\\P\06ǬU-\{v\C:3(1c\RRR|rO0\Z\\\`N$R7[<\\0\`\\\a4\ѱڒE\YP\X.t/\%\n#Px1B\!\Ŵ\\x\<\\T^lVֲ\ȺD\0\Tj\+d rN#\_7\\=76bL|ڨ\R*\S,\(\Z\Gy<\0\0F\F\5,NI\W]{\0ɪ@Ag\\2AK׭2\t@<i)\\,A\n\\X \QwmQ,	2\$Ek4eXe.tÂ1!PR\vgumu\"L<\fVsNw\M~\(\b\n\E,GA&\V\\'$clJ,\rK7\\.U/L}kb\Vn7\FڇEy{mv\"2&,\5&\\0\r\8x\\ha%	\,ʀ\؜t=d8\H\n\\QG7L\E\\n\\6.\0\\"F[7ř\JpRoL<VgX1\u\~\\+yD\w%՝.JhN\\\0NN\E\ G\j!d\\Qta\\|U21X_)k@g\\\ޅz\\zx4\}G\ܴN+B&GzĿ\\C\\\\N\$\ݻaI\+\r\$\GK\>`Hۚ\[!Y\N+B\RM\\2X\\Z\qiu}%\R=\\#jT\.9l\\ۏ\6h?9$\f_\P4\R,\if\\Z5y&fc~oGN<HyI\e\\WH=&f\\&\\a\\]:`py}\"uܶW}\Ys\\\`I\\0\0\\JmpΒ~~\f\\Xҹ34D9\h\lNA c\\ͳ\$\K@oLصX2ŰI$y\0l\\\[A\l(1\EY]t\gLf([LEnx/\\D1\LsI\5\DPl\[vשma\?h\ʵ\r(]fr7\'fc\D壓\\n\\\lZ\\n`\KDA\U0\jj\Z}$Һ\NĒAğA\5\0\\00$V \\{HE\nI31iVnjy\7\n\\Nd\j6\*HV\\kUjR\9?ұEY\\bFqR\\ݰ\7\GT\\RX\r8rHDZ]]>\n\\\|ڣSMŲ\PPTy?\\Eq˱\\0z\*!\2h0pQCDX#c\hO.\\\]Fap{ц\\\n\ǵXصm\cN\\C&A\㚛lVl@\\\`R$nvϰA_KI\\jSl#d1\$e\[9-rujq_zIA:YF1DD:%I\0\\'\sF>U*Tv\U\\8(4,[Z#*ֳȒ$|*kM\l\\n\PV	m> ,ǕU\\|y*\چ\Z1PۄAsѴJ{n?\'z≠A\\0\\\\\'Q\0\q\*jm c\dm.;}\h\6\ZY$ϙ`\j3`1`z\\TꮧX;֗M\\vϾ>՜꨺\0\|\8`{DVm=\dҀ\fUGҩ\\?\r\p2\'z2\u(\0\\0O6ް|g\"1Z]7R.)\%}j\>)Dѱ|ZͧVAAA\>t\'q@fhQdwjld\K\T0b*69\;:T[H.?w86\|32`D~{Rp\\n&x*\|~PX\\#\2\`T\0աܖ\T\֕7Q\R8>欙\ 1\x\*&\\baᘤ[\\(Ĳ\ԺKQA\`΃r\\fr	R@$AH\ք\\&\N@{\0Vش\\MT	$\I&9ރ\2\P1 \\\UW3Y6չ\'\AT%\j-:[o1\\\eG\-.a\U\X\9`2\\Q\0:0I\oA6$	\Ҡ\%\\)\ҷm-zqGG+pdJU\\\\坴\>CӶ\I?\y\֣e\0XY_\zA\\ODGԸfM\ҩ8;\Z<Sl]Sӵ/}\}k\_\zbqbd3/\}+n婵uЂ\0S7ڻ!\i\Ghg\0\@e[T\\\\?z^%\À9X\k\d\5\'C\N3Xg(<\\0\'C~4#\'\buc3\[{]l\fPP\\\\Zg\u(%@8)ރtt1$g9\R\x6i-%wcM0o_}R!k$Ib\0cVw>~\Z]3]\+ZB\0>]&\'>\nF.]Q& }{\-jڏ6\?\\W.l\,1~i\\WIi,sr\\D\3\Y\7|oe|\vR\^.#\'K5HϷjZDS]v:C\0s`sxV\(z\"\8%\\̰M\7E\BlbB߿6\I洤\ec6\՞D\Ya.ǜ\\\\	\L\v\$\fu\U\\R\ZWH\\\G_\0*\\[]n<Ķ6\q\L\\x|K:H:@۝\{\%\i\Vtcqރ\n\PD\UTƐ`z1W\v\\EƸ\0(VDp>©\@\CLnp\U\u|5,۲\m[U9\&2NJ\Z\\0N\[̺ĝ@=>KvB\Lo\\=~U^\\\vFe\n@\\\@_-WSq\W\rۡ\+9\0\`\?-\3tK\n1by\VV\xIr6\֓Qm2\04%\\LO\\u+#fߊUm1d\kO`!\~\-QK \k:Pmh3\0F\\:}	T\r\\0W0m\'QTt\C\\OgC@#G}*\\\\'H\>=	hhgnޝNH*1\?:\0RN1\1\m\"@ iژo(\a\\uL&\'\C7	,5 jbb\\}(5L) \v\\L){T[b\\T\r>)\Z\\0\:N\V\zNCh	$\2	\'p<@[:\\'X\A\\g7\'\\'\I3P3\PN:i7\0)*@vnh:9\uʖ\y+-&Lc\E\|\ȥSi\qں\\	\\rԳ:\'P\L\\zD6rI<12h\\\ \i..mI^\q!\")Ӊ-l0ίzyciS3\ԺbA$Fiq\0yi\0؊\%\6@^˨\©nppYOh˱IpݿoK,j,wM]4=\s4\큩0fobg\Zj\\*_RI\0}k6LA?Jy\\nk3Tv$B$oh\	\\[5\LEn\"\e$L	dS]GGmϑą\\\Hu5\2\LS\J\h\2\Z\\&\0>dңZV/lL1\ZIi;7HT\Ŏ?>[B\+H,WT}\\B\\d#\rZpA\\j\S\Փj\],q?\\:\\\GsN\rfڗ\"\*\p1$l;i\yZF\;օ\GT\3\s@iw;2\Y6Z\xeYI\'?X\[v\b@\\"d\P9=P\9\QI12 T\\!Z3bV/`\yکu!Xi\0\\Z\O9Ī|A\3\yBP\n&\7Ӑ1:\Z|\P\h1LF	Ĝ\\\f\	ɏ2\\l*\//\Yl\ f\cJ~\V_\\cD\w#|Q\*Qo$9\Z@\\v\r23\͒T#`7\>ǜ0\0q9_J~p@\Ӭ\Z\TW\Z-\\ԃ\XD<\ |h~~ P\Ng4Q|ű-\\U\WJ\v?,\\(_\n\0PN yX\'\wޫx#YE<g`\\3eYTQ\\"\\$9\1>2.E\\#>*\0X,0\>USh&\ @ȫ-B\\n\0F?\%\B`k\,bڿ\C\\'\\-g\$\d\\@a0Dw\\TO.cX:q[f%[H\ǽ2mh\J\\\=\҆*\\Q9?\im 4^\Z3\\T\,p\kn}\|(\'ڑ\?aw$J\\-`H\3ۚ(K\|;֘m<\6\\\"\	\\\"}J\rn4\r\04A$\\Z^R\"u6ūE\(?#\^p\e$3\\.ݵr21\:!>\SXldg\ޢ\\ZTL\0\\A\m\f\n0b0\'1O-\gSt\\(cR\8\'\c$\Iq\%QAeONImW!$\)p~U]JUG\.hy\\\g,dlϹL+8eN霐}-ޑnYC%n3.󑙃\rpnGjM^\\Z\3x`)2w\րZX9\\}+EKdmڈm:BJ\\0\\0u\ \0ߞhyFؚtྡྷ)LH*2\})a\"\\Nᶆ!w\\n\[΢\a(m1?ZY;\H\\Zv$bB\\0P04&\KbbL\<Z*\\01uJ7$BII\\	;(gIgZ\\?\)=N↪XZ-g<{\\**A2܉\0/\[`i<Gҟ\j\<\\0V\P\`\l~\#DV\\0\wm\\>֙\\\'`Fx\\\U:A~@Z\˯Q\0z1SLsq\n<\Fo1fۗ\0U7\0\19+mʐE\ġ \\jq@O\?O\\E>ŽcA\.p9\R\5\	\\A\\{ɩ\.;2h099Ҵȿb\\\JƝ2?:\#;I>[f\*\kt\"ۺC!%T\\0&\\PSqr	ТM	ȓ;\ªQy\uOcޙ߇o/@\s+c\ɛ	\s\\\ve?\@\c\\\3\yV²J\"H知\\\\\q\\\{\5x\07só\\ҠN\r\\\e9\"bkgӢ-I\r++1tʖ䲫dϚ9\04\M\\R<0.d+\\9|=ضnUto=;og|/\0ɘ	\\GpLa\\x\Rƶ\'LD1\5VRl$T 6\g;`.\\\\Zq\;Q\\\\va\0>V\MP,ˉ\0ޢq36$\ִ7\2\t\n\\\o\*B킗\dtU5\".ӤI\`\\q\Kj<URZА>f}CWU	\1򉥙aΤ:YS4Z2mfe##WQS\\0\\٤Lʈ:޷kŵ\\\'\\\0#ރ\t\"Ψ\\7-\Ҹ2RZdwm>eD$Ƣ\"9Yh?̂\v\=!+)\T4C:d?\"\\Dq#`Nd>`Gi\VF[͆UW%u\0 \n\[Vbk 5\um:b>=y+sE\\\\\oZ\r}!\\\1\\\M\/l\0\MD7 It]r8XikLw@\6\\\-\\\qO\Bp}\rv6=\Z*f	i^\\)y\qm$\"\;Mt^I\m\FPy<\N\\Z\k-b欃[\uں\LlڑM\w,?\չUnYW\\mN=i\0B\:X\,j沺\`y\0\+\_/o#.V`֌	k~RQ\Tf-ܶQCL\>՝sk$\Vi\i|\\\.\[\0\i޺ޟ\r\X9Ƿ\Gxڸ20MX#\Oʗz\u\.%Hu9\҂\\q݀P@{Gz\{X~\\#3)V\\>)00`~~Ҙvuxpu\0i\?P\\\ǵ\rn\\uJ\),\Z\@ \0\l\\r\;>\\Z`\\VG\\k\.$\f\Rof.=ӒwOȬN\\p/THor\);-[ql\\0\A\\\D\:\\\/6!A3\\&P:>\Z\'Z1f=~8t<B520+YQ?\\L0$L\>IPF{\e6M\eJ\!&?;P\kWQ8\0s]T\{\^0bPr?j\rUt;H5Pp(\MXY\@\(\F\>ڲfĩc؁hD;$0G+Ȝ\\(([X\ c\PҦH@.P<23A߽\\h]&L\ҙ0\\\[V\\/\PڻI	!S\ފl]\n$1\\:|+^\Z!4\ڃ2v`#LdsW37.\0N\@`\n\s\֑Ĳ4#&\GeF\l\\1<alY,\r\\0L\rB>xu7mRd&\"q3T:;̋$\0$3\A,+\\\ƶ!`\\	Jd?\h\.\y\psU\\xr\\h\\KETaÑTeF,\\6)1x`I\0\iS\ZJ2(Rdih]GR\|\%\낽|\\"H\\`ǿ˚2b\B\6\T\!C6\qFj yWT;U+#\, \@\\zV	lD)2p0(֖\\DJ8\F\x\T7[B)\"\0i5\B\9 >s\mx)\ZDwMjZ8ٙ*\0\n\r\0:Oq\q\P$)ݎ6qqf\8\ST!ڲF.nu\"\ٹdiob>b\Q\P\\>t\R4\\\"\K c08M_^ѣk\\ry1\L=ŷKĐG>YC@54@\{W*\"Hn\\\o3,\}\"J7PX\r0\0>i[\&Ȓ=;P\2\D\\҃\\0?OЂ4\	\OC\15$J\ה\Ձ.POz:\@\0C+Zl4\f\E\\r\\n6 \0\0<j;\ҏz廹L\N\(\r\yJB\P\Z \\Zp\03I*\Z-1gF\$\\[PM2\"7ZZCI#8\.\nH\ޚ,I\"@0#\\\"\\\Cm0?\i\0,A\M\@n\0#Z\\\'\\WCMd\#\0\\tX(D;֪jS0??Z\H\UI\	GTsǉ\'h\W\\[1 \3]pĖRFii7-備,\bE˃C\'$	\+174˱+*7F\x\@1\\\-\\b\\\\je&.YK\\4\O4	Sq\e bFv\\TimA40y\3\\'N(D\EMʊ(ޏ?\t\"[.\B \r}XGG\5Ðӫ-\|ٽԱ\˾F\\]pH\=ksO\\\צ\E&\@\ni\ uL.xjT(UD\0Ox\0\\\r\(α>nGx=\uY\n\'\'\\\Li䊛0\nV犺\0g\s\֎\n)rt\pd\~E\\"ͶuH-\y\Rဳ`4HL\\\˼BPu[e@\[[Wz(Ka~9}\^\\h`V7\UV\\r\rAJ\4,_\X\\ zS\MLO\~#8M\~[7m\ꇈ\\GZ|p\\\uCk\rE\ҥѭB 0\1uOPu;>bT\0{z\Ƹ\\vaK\06\ª\ɥ!\\\=\ݵni$I}\\\Qf\\UDfH*|tg%!X\xQ4Bt\\N\K6\֕d\0N\rHRI5$b#zT{LUHϛH\zPtɰ5]T\v\\&\!tZ|\*$\!J($!_ɍ*H>f\n3#z}\0A8S=\\AؐFG~\6Cym)\q\\CP\\raVe\\'x\Z\nL\\ǭmt\5D5z=8\܆H dT\'PwSZy8\\\Z\T\\\'z\\(lݕ2EjY.$LM8\\ I:\\veu=M\l\\"\T\\p?\Z\\\HY~k,CNUV{@\nVi\FQ\IIy\\޴\_KϭE\\\RR3R4[9\8#\+:\0Hӵ<d\юn>V\٫u}#*i@\S\]I&#T\u=&\Ҍ\\Ӣ܁\rV\0\Jє\r	P\]i\J\\FO֙~XʶIϽ\Gc̬fO\+\p\\%K9\\Cn-\\\&\9Օ\NtX\\6b\	5=\gU28\0m lh 	\\\3Z^h\|\\Q{РA\΅\"\|xkn\\PrI\n`Im=\\rR\560̮\\ּu|?	zv)ΆHn\r\()e\Zd\Pnb2\\0\\:\Z[m 1B,X?!\]V2\$\\J@u\0>oȩRCt2e0}=o]!\␥\\\0Lo9Ȫԯ	/pa#\=qTCp\\ދb`\0`H\\\Z\R]cI;*Б\0\';wSAڡX\0Fa\\\5\n\\.\\=\ap&ℸt1\"w\z%\"\ֺ9\0\UF\\4`\$fO\Z5\.+&8R2s5\\\\\b~#+m$\01ӱrڔYӤ0idr\ Rr$>\[\B%\'N\w\W:Z\zVu\b\$pw<\y¼;\,\n` rΠNY\ޓmuPӉ\Y\\.T,&Nf\3\YUf\\:A$\\P\6wY\0N\0 p~{7\g\ڻ}jOd2;[\n\WQ4\֢\\T*Ȃ8\-qe\H\5`\G*Y\G̷,Y\|~̀߄!\U\\J\I\0s\\FhA\I\qɶ\Nx>ۊ%4-?I2\\QJg%r8\[\-/n\\Z\ʭn\Ҩ֐?VgMC{AS0\\\\\J\K%\2	\ZH#\K/p,IO4VE=C\\`7Ue\IN\q\\nALK^.-,I\0zd\\\4\;yUP1\!k#\ZX\"J\0!Ps?MUV\j0v\\kV\Hx݀2g\?	۽-Λ)oNę\O\\Qi!@C?f?S\멙-Zv.\'\"\j۸\o5&rfx\A:\7\\w?檪%\\V$2̩\0\Z\'^a\OʃC&~+\c\\\ZjH,\"E$W\\Rg~\r\\0[>U.kd&`\Ż:I$\=\z/\	>xN1yG<\%\r\L\jؽ.$\n\0\r~뵐t3>\\LĤF\-Z\\HĚ^Fr9~\\0$F\.\5ʝ3BF$;8\B>_ϝ2m>>QF\"w.4\~\0B\1<fҳ1{jfӝ֚9X	R1\0\Ϥ\f\Y&mT+\\(1m\\\U\Zfw2N\\'m\v\\\\'KAk*;II\\'j	S,i\n[~bcL\"\o\&%6\znZ\1D\oz=!d,c\U;\a53\\ZP,$\?\he$Fw%7\n\]-vu\0[rb]|B|$\0M\Z!{ř\\&t2\E.\n\4S1\=?iE۶\$&#}\P.:i1\\]\=Bm\l:J;MyׇsC\`\\&L{W\\W-љ?^k$]\\0,H\wqdEvͼ3QtjIPś \\\jC\\Ŗ\S.\<s޷:\:\Vh^)\	\Z\ZH\\N\N\?\tΙv\Q`j@9	\\j_\E(\5&\\\66a1\"LǭPt\FA*&3#\YgUڱKj	\fp&f\'r6VǍp\mV\T	\\e\\L\B:\dSH?\#|\=h\[բo\\@\\b\n\\\\1\E\Z\\ݲ\l[ܯ\tɸ\\"V\eT\:71\*\r`;\>a)E! nE_Mg\r(+\9\\Ntu\4Lƈ\fŋAnۻq\In9洤\8E?\zkF\ܵ\\bh4쭧wʪuW K퀸\'3L\0/rZT\\{5]uo\\\]l\9<Q2S\0\\YP1$o;\\d,1cS\\LK\J\0X\O֬\2\0GVQ\0q* FX1Sd\Z\"\ں4+gX0):F\4\\\\\t\I+ZtƲ\2\\Z\J\)Mgg\z0$ʞ=)i.J\{r+\\\n\\mtX\,8\8\\]1\\Hܝq/\\C\,|m\\S[gB\l%F}LT\'Sv\\߽\\&\\4_\X\4[>\\.\?9\ulN\v\'jGD9<a|sǵm[eHSkSɄ4;T:-\/H#I!F,}⬥dfoZ]\x8Eh\g8XW\0\S^_	Kmg\tb4\JUIufy#\\Uk7-]\\e\nYuf\TR\\iq	0bbG\\Mz\>guH3\ZH߉4V\Q>V#\F%[\\0PhdaXgwfb\\0\\\z\Co\ڜhh6F&0|ߌ\\,ɴզ6\W@YI\gbG߈L\\\0;Se-+#Sm\\\0\Zʱ\ \v,uMf\ڸmM$ ߩ4q1\(uZ0Ex\φ \\'?~)E\La\\B:LO<՚\i|\20\\\վ\\;d3\\PFt\\0ɨ[\\u 2\\"~ԿM}-,	^w}v\KD\0-Mb\.\`d歨ՙ\j\>		`H_R*35J\ZI\L\0=\??AEtW\\L\6ڒ\\\,$Qܶ\3\SD\^\\]wb	\}j**+iLRw#/5\nỹ\hJ1b9$F8\e@f-oKx\\UQDR\\0Z)Fr\b\~\\UX)\(%\\ڠcÃ\2Ox\:\\'u\\\0;`\I\<\\Qn۲[,\\B|\PO\\@\\Ψ\\7IIbmVM!Z1\b\eciPFq?\\[#~XCə\'ڭel;?\\"\`短q;G_	\9\Q/\q\v\\2|\\\n\'\8\\\\%l=\=8\B\\%O\G\z8\ne5\V\\v?Sn\P\\t\\\>*I1̑\\n\\\\9\.<Ԭdc\:<1\e\">sm\\I\d \na^!\r*Sی\A:F$LYV:`Do\\Jիo\VU.BCw4)_j0A\\0P\U\3;\Ԗ\#EæH#s]㥾\ŚPo]{(1fN\\ZG∾f\Pb!\IMR\Ze\`\\0[@;\\STUHr\\0FLG\%j2\Pט\PB\J\O\A\Z\jZv EQX+G4PLO\j\\\1\[Pn\ӱ\0\W;8\ZQAdWE\\3R\ʝޔ\d&Nǵ&\ZR`\*\##3\Ej >8`HjLue\0#\e(Ϊa\qh7!\A\\\p$\jPuA\I\\vnp\dȁ#z\N\]V;rǷ8\[Kia$23Zu3	\\IvN\\	\IrG?^6%\\L\h\o|Lrxj$?Jg;Y\φ\H\_\ }9\"-ˍu\\\{Gs@\",c۷\FBnڀ\23Cm)\0\ɒA\"F\b\[B[CN+oMm$\\/\\Ck@uBo\\0t^@\,I\nĨ9\\m5\us1򬎹\\Qf\iH]>b8<>vC4\:\p\fnt=SEUܸ	\1\=+Sr/\6Nn\\3c\\tiY&3\ֽ\r:Gzt\r\k	Ԥ\\\}\m\/ᑭ$\zVΦ\O +o\)?\J\[\JjIE\Zv\@Q|e=>mu#Oc\F\.\r\ǯϸu-ΟTr	\\L5\mPڀA&N;I\\\bUdpq\NؗD\\}h\\	M\tx\̝Q}bOކ\Ā\o\B@\0e0T\3VK\\\P1\r\Y\;F\\\0}EZ\JV-\\ CME\\#bp\T[?\&ۅ\A0d2\"\ↀU\"V\궀*a3q&ف\iY &9?4WQ\ $q\\\\Z҅T\%K|\\0/uf\0 \P>!m:\Ojb\\f4H4GCn\\rc q\Ly\nT13(Xb	ڬEj%7>eƝ;\nde[\F1T0ĂGT\uf>1&rkp3q\i`\\ \j\0qX(\';)6I-\\Yqp\\)ឃ\\:{\Vj}&?j6\5o\0Ě\\\\H\0yl\v\8%yDZ[6\ψ\]f\'|\$ٿh,	\ړXdjL\\0ybH\۵\\\6L0&\r#P93C2`d\`H\7\\pH:Gx 4\\\0Rك\A\2F\aue|\\.\%ot`.66<V2y3jN.%TZh\0Rg(ȯBQ\\Oΐ6\z+Lo\r]|\G\'\t\0c\En\\!方d\jd\\\\\\24xW\\%N\޽a	էWzI\iV\\oTT\S\g`LoV^PY\DiF\\(*4\Z+T%Lކ4v2\P\\\fb\\d\jѨퟯҁr\48]Q56r[ )OqB\TC\*\\ùi!gR2\bf2D	ڛffmWrي$[\&*\\s\nNm5\(*9Q}u@Q\m֘ӂ\n	Ͼ\W\-\Z@I3\&C\0\"7\ZY\A0qC<\\fQ\\\[`)٘	v\⒬h\3\t\\[,W\\\s*\\tV\WQ<\\]q-;\Z݆ўq]⡰-	\ZY@9Oodנpm\\$\\$\?_ګtvb\G\\(Qt;\&O\T7)\ZA+$}~U\?\UYV\jǥn5(F\>^\IsJ`%\|FL -\(]\\N\ok`;fn[\T)\'#ڨ..1$x407@\\-Yğ>AwO\8\\\)o3__1\qR\\\\\	1\z1g\1q0KME\r#D\*\1\B\\kXJ\1T=\r@@\j_Y>f\k\DD\\7@\TArV\2`	\r\\\0$H\;YHG!V|sV60 2p\\M­3\Tv\\\'Q\\\3I\\mk\,J\p\0\0v\Z\\y$H\\҇\1NjX\0\\A\"A\0-,|2!d\\3\\AW}\'O\/>\0&\g޹z[JI|\Թ<&6\\\2G~kv)\֘-H\r$goz+jV\0̖>\a\\\)rx}_ֈ\Z\Uk\h#\5*yZ\rD\\6ނc<\)XɅb\"AfjĝĚ+cpx\m5ڊ4?*5\>0\nO\"{n\\\WPջ\&\\\=iO\_<\a_wj]\d \\3	A&M2\Z\x\w9Sp	o$\i\d7|\PFI\.hJ1\Ȍ䡴L/JzX#<\'S<ǂja$CɢEAs\H3--t\,+m\\\d?b\o3Y%ZcI\ި\y\'*\y#Q-He 0;\[H]\"$B;M\\\T̑#\0S\^{lRRW	{`\'U\\\\P#\r0c:b\7\t]\l\\*ضq\09?UR+ҺY6\\x5O\\\zPt jv>\]K\=2[Rm\0 \{w\'\>N\<n.\\0#`Jy1\\\\a:\r.@+Ͻju\UpH,\t\\]==\\\\F\\\3\]IN5h\\T\"cP\VS[Zv\1[W\\\ϒD\rf\\\\n\dK}{\U\\+\-a\\ҥc ?Cۋxr}x\\)\:$c:>	=\*\|g\\P2}Xm!ODz\\\\6:T\n\f1Ԋ\$\.b\\ښA\\/k\\\\cz`3\\\ӞԲ\K\0H88\\u\h\Ee&x#n(\ZMb{{T\T\\0HelK.\3&4D\r.A\\0cSX\B\\-1m-{>fK\ZOA\E\\Z&R \y\S\"\8g+<F(y\\nltw|}i\Z\0H\"\\ZS|4\hzYIX KD80LZZ3\"\i\-\*\Q}%X\\&\${ԀC\z\|\L~+U$+#m\B\ D	\r\JfgHbLby\m\ǥ\rX\hA\HZ?Vg5\\(C#cX꡾-\'\\nLmZ=mhe29;\Z#\Gz\\\#ďB+[\5\'jGQŶ\\\'P\\n\\v0\t4ӽ1*iSL\\UtTH\R\L;yL\}kè\hddĊ߬ȭ}R\Z3ͽӫ;\F	\0\'n#(8E\u6D-\uy\A\J:\鿉\)\ZҷE!\QpK\HϿeFQ)co7aj^O`4R3$W:GL\(M`\o\\~\\웴bݴg͈gQң\\:w\n;\\a@<ZjLx΄\Z\ DFjO	\0Tr\keVB z\nI>E#e\j.d4U\g*OAD35y\ZV$\0\Ъ\Z\[@-\#҈,j\\\-9]}$.\'Ou:sdQ-;xa\]ru@ؘ;d\oJf:\F\m\#>ސ\|LA\\`sN베\\'\\I [D\uk\Zxec)4!ԗb\cK\0L	\U-YT\`O\\n\\Ӹ\z2fgZ+_C6W\ޫ{u.\0X\S1\zmU\\@8W\Z<c#A\իK@\3\?j:2\fQ\nx8XG&x;q\=\QhQ#m=˯L$\rAtc\PJ=֕Ģ\P\P\\\Cm^YҲA<W BΖ$BL\/f1;R\(]U\\\{m	_\Kk.0`\#\P	z\VʱpL\\rC0ר> \XZ5`\\5e\\Y3 #\H\\Z\qH$i#wM\D\0\$Qnip\pA\0H\'\\Z ecG\"X֋-\kD.}?z\Z \18$3\jæ?\L֐\vn}+pWY7ܘ\\ieO(Q\CkY\0	\Z\\\R\0\\X*00s\Q͵U\\'BD\c?y\\i|$¬1\0:%d79t\\,c\$TI\"m\F\`\\]慏1W*$ےD\{be.\h\GH\j]Z(\h걕j*0Ҫh\vhd0V+E#4\'XȩW]3{W^\n둞\rUw\B\\jDwJ\̧qL\\u\*\QI&\B1Tԑ:qc(J\v\mVb.$4We\\F`s=\R[.h\\ cUJ\n61Tj4B\Gb\2B<oWf3\QoA33\߭Y)\`ɀ\"6\0\2NM]^\'T<a\V+HPWJ\1ތ\\w5E-=}j\D\sY\eKBկ֥1\8n{-\\\$`:{d@\T\~\xe\nAbnl@#H1ՕWk/\"4	u|j\*u\;>OC\\"\\\\^ʏ:0zK\qD`bF\XZ\ܴ\nxM>RO\֟[ӿAd\E\ɜb9\̽\=\Ё\\Wj\\ZPY`wP\nŲf\\ɸջ]H:rD38cK!`\iɏJ\]]Π\\wUXł͙Pl%p	\n\\0u-iǗP\0\[+v\]mz\\\El\j.+S\I6tdK\0g?,}jyn8\n-\\0`Ͽo8m\j\ D\Jm\u2A\2\\VR4֝Y4iϓ`P\㧏<\w\m\y\\ndk:\\k.H=oeђ39\I\pPJdqUu\KO;\0=\\Sm\ x\7\\ս3_\n\0i\0\\\!DSrTĘ\z-6\W\'c\ \ZٽfQs	\\0?Jk&\kY\\a\\-\..2\\ٜcȣ\kV\]H DU.\V\\y*\Un>{\d20dO\\\hk[ҁxJ\7.3>X$`\`Of\\%;\@!4\uQب\'\֫\}*\9 ;\ְH\bjဉ\\\0i#L9\jëFGz\@r4|\9B\\΀S/k61Z/XFU7[w\\rl\Z\0dV%\\W\A \Z\ZXc+\kS\\0ҕ3\\r\\rwR1;\md\a۵9kWqSi48\0D6\\B\4\t\\\\t{D^L-4\+\0H\@{wmaX1k\01Uu!:b\'\Z\]r\	ӳF\\\F>r\9: ֖kVdlFc!\\=\0	\+2\ŵ\]\y=\\"6q\֤\(SL\\0iވ2a3kHu6I\\ʹ`H\\U3\?L\\O\h>\ \zR\0F\n\ڨ\Lw*$jYV\0F	洛U!\r\L\V\b4t\0YKKfp\Ҫ&yxҺ4\O@\7\{,Xb\+8Bi4\0d	z\#ʥI`wӊ&ɑ0\\\n\x\9W\\\\0 \k\j\>Lq٦\* \\pL)c\Z㍇{!\$\$\0\\0-\GA|q\^г3#EֹP~\\B\[J51P1Һ\N\٘h\\1c\/덏sD$}!$\Z\Yj\\fŹΕ\0X1,tڛx+F\\uklHm\?J\WZܡ$\\:<\n\'\0|O>{En=\ZV\\G\'\Y&o\PЀOR\v\1eN3Zwa\09\sࠌd\F)^QXV\\m-O1\B\qM.U4\ 7&\\p\f	3\'ؚ%\I`|l5\\IES1<}(m@\0$w\\hSLV i\\\TV\DvߣT\n\'EP@\XH\\ڙ\E.>\"\'\cdiB\n	Nco\a\F+$;mVKz \34n\	\\\0=QXN\Q\nND\\>׬P\nOƦg;\\.	\n\Pd\01\0Ve\"p\\\;l?\\\\\Zb4\Z< \cݏ\\ZV\ݫ\h\V*RގRhtƃ	\hԲ*Fƈ\rZ4(6*#j4\j$ȡ\\cCP=x<\IuU$\.A*\;{Ѻz\d7qJ(hv%ѨgdU\0\\n\\ACj܏\\\e*\nM\J\hҠ\;)aچG\]ZA\p9\C\l0w2r\z\o\\-T0NY\\A[\\;22)Z2c\mR\88e.R\jJ\\r;\\Z\(4鑸\4V/Y7:I&Is@A`)\0;yЯT\D@\gDzĸ3?yn\\\Z\'6\=M{f\n{|Nn2c\9\m\Yh\0\⪒اSa\qm\`Z7dOB\M\WV;\6{\=떝\}hc\'>Cw\\\\ܸ\uă8\z\Hr\\\f5Hē#o6BΪ-*֭\Zg9D\\\Ke\u\0aFt\Fջ8\\d	~\o\Y\n`؎\\Sk\n\K\r*\1d\z\\tXLmI\M[Cu\\\k\\403\&Y<џu<6\`qV!?liX6Y昽d\'N\umM \\A\3GBm\\<\~JQZr\ʃ\\%\}*\\\vɚ\7\ʮv)L3gy\՞\\\dj09\ыcx1CmB5\rY3\^,T\$\\n\*\B.KA\0(N/uˠ[#T\\\}\\r\rI\d\qL0^*4yB{ks;\MX\\\'\m\²w\wUЯ$H̑h\\Le\K[/prqދ\nZ\n0a \n[*d@\)]*3\\[%^2gqG\֬cf;\]6\y+BD\)h\@HRI\jA\X\0rMJ#\0j<\iؕC C1h\ॲ>\\MfB)US1\\'Fw3;O5(\	 \Z\9Pv[my\Z`\\\$\n\"\'\ѿb\V\Aktb\WkdFY\nY%u>,Tac#\}J0 \I\[a\\ҼK։\\\u\\rF	Rɯsxj@ڔj\\rK;\wq(\bLpOb)\\r&.4@3P\\g\OO\\*bs\[`2\fk)#8	sޮ٠H[LH$AF\̬~=\2\I?Ľh|ñ\\\I\G4\aN;=rǚ3ȩ7m\$HZ\n\Sju.\E\'\n.FmVp\qA+\J\'t\me\M́m\jMliDUʫB\\n\\nUP\Ս\0\ҽUf尠dv;oHy\nNJ>U?\Ky\\"qތm(\nF\xz~\ΗLiQBkN0sOi\'S\V0Ȅ\T>\9?Z\0k\\cr\j\ra&\@\\}\^C\-(\5O̚U\!`mNaaj:@\R\TxAMUQ\0\Az.\n=i\rqB\&\0\=\Y\lF\ΕbL9	$<U̷K\0s\\^\¤#-0*u,\011\;Я)@2@F*eX\\\]]t\JJb~\0\m@\A\-|\\Ñ\09<6޲\u3惷\Z\\0;\\53Hi\ֵ\n\\?8$@*L\nmU\0\\\\0)\6]v\\(\\\S\PL\Zőr\\\-\26\"=UmZ\r\\ZP1\\p;omSp#\U\C\l\m\\Z\que!\iiZ\V2\Gz웋\:0\j݋]C\"Ǵ3,혃Qt\w>V04\]6)V@ެn\1o\\\d\١(>11\0{\01mƜ7s\gal\\}|уD3;Hۿ҉wt`D\K\qZmʁ\\\\\'1\\\}jP&c\\Ffݧ{lIcխK\c\cj\\\]\\\nX\0\X^r=:h\\I[h\1m\1j2.\rM i&hf!Zi`cz1@R	\K[\(j4J\=GJ/(\ mU \Z*Me\<30-\D\U\\n\6ƽխ\0\^5\0vUI\0Lꆂ`\4\CzU)&m-a\\\ 2\\|GB\:|Ø!9\fU\\;\\==\\͉,=1C39\W0e9ČD]\e$\0HĊ \:\\\	plJmI,JR`ڦ\b5\#XM@\v\PcO\\kQ$ҎXԳ\\n\LfMy\\\\?X\e\4i-\\0Qu\u13$~VK?aq8J\q.Xg\:_:L#p\\*e׻q¯RZ֐U\>@\"gr}3>\\0Ii|~\r^\"@\'LטK\4,vb \H￿\\\xg\	tfݦVf>\"i1PzKp{E?1i0`ϰ?0\8p7^J)b##Iz7\1qWA&\\\\ͻ\\rψ<\YAbI>\~$\0օ\\r:\H$L\ w[_\\n\0;~vѷd*:e\cq\1d2 \/[[eW:m	]\fq72\\6ꑧR\@\i-ջm\r`q\\B8\Z\\Cp\09S&+^\g75\\\iY>3\'>\ld*6\\ \\\5VmKRԹV\)U]B  g?6\nli-\;Ƣdc@b.1\,	$\{w\\\׊\\@;*V@}\(˯.$\\@<ś\0l`m\'\j#ƞ#\\a\\A\1\r$ɝ\\fl\36o\V\\\\kȥ6@<\\\'\Y1L\lx\F1Gk@Άէy\B+\BQ?la\ɞ\#i\D(\oLӅ\\r\\ZLwH^\n \\\\i \:\3B8Ƭ\n\r\v25Λ\\0\Iޢ`\Z\9\0iO`\'\	\i`\?\\ҍe\\ެ.dvА\li\Ԃ\ڊAT\kM\nH=*U98\?ɶ\\\r\Οͤ\J\52\KBJ*Xf\"z~W\0\lMyUvɦuP\\+y\0\\=2CL+\L[\hi\KI4x#\ukt\	ڕ\\2͉|AnP_;..|C`\0n*t֍w\`j\\H0\\*Ew3m9\[|d:r\rIlTc\\'?5v۪\dRQN\\'sO7`\QO\,}sOxd{o\\\0v\\\S!\\G\˝Lӝ?\YnA*^ƒ\0IJ.ϕIi}>_Z\\\\\z!b\:^G\0\r\Uedi\Z\"?Y:\\r,\0|;\^٦T\(I.?\"~\e\'E$A/Si\\\ފ\rxN%L̴\0\\"\\2I\\'\Nx_%\\n\\J\oMf:\`*\V\]Zؐc\\0=)e\cwV[\nSK0c~\&\h6Y\)2X	8\yPͭ \2s\\N;\5s{\r!F	vc\0+uA\dVT\WR\r\\N\0A\\;Q3T.j\\0I\i\u\\\βy#Q\0\'\y)\Сf	f2dܚEݑN5\r\\֏`t0ozP\CPI\;P\rb\T*ĝ\ER\\V\\.i\LH8_yu0\&33@e5@]ɺ\T6N\\'1\R2g#`i\0lj\<@\04/\nd,2Hߴ~smmx\0TzOHMծs\:\\Z\޵حOy-w\\*VmȍP4C0e;P^ވGT#\ֵ\\4\9CO0P\\l[%8[v֨|\\[\\\\vڥXZ\\\\\kx0޼\\ypmX\0♶\\W4M7m\Y\r%l3EViw)\"\\\WSH0p޵pÊ44\\(\f3J\f\7X0F\L\\Z\ֆ6%AJ	!w\S*\\r\R2=)YTc65xfe\\Z\f}\s	$\\n[^cޫ{92Wtq>܏\i%9ڮ1\rJUp\@\6\\\m[g\P\\\y\8\ZE3܍\R\N6+`,\.\/R\pLhh]&t\C6\_~\dNy.-\\	\yC+j4ҟ颒Yퟕgۺ\A\\0@G,tF\ZJmpF \O4;\P\\'\\!CFS\0t\{W; GƖ3x3\0\\]J~\ݫ_\0k\\[^y\bw9ڽt֕f\\̳\'s\\\\]8\"\\4L<\a3\ڽG\0K\\OR^3D\;8\VZ\\7xl\\\Z#۽<R\VH\Z\_HC\o\\"-\54Ki\i\9\j\O\\\R*Vk\\\rl2Ix\JY\><\\ϥZ\V\\Qn,iH\n{\ۨ\\[E\}@xnUr=~F>TRr쬒|I \7\O\\H1l\{\0\b%@XI\P:v\RWK\ZH\?N\pU\7\ݹu\J˂\D-\K+%~\\4x\4\'x>.͇Q@\'\\ds)S\+\re/]o2\#.00g3J◴F\0mC\"`d\}O\\B\`+#܎\.ibx\f\'Y1j\\*(<\'Po\R\FŽ*e\A\l\'za\Em0T>Q33#\H\p[ss\qm\rcW`&G3r}\\\E\r!w\o\k\n\)ʙ\L\:\\ZD\r:\\uj39$ԭo\<ķc\ʷ\\UM(\\i*ѷНtd\0NTT\'~{PXX^\0h(\N6A8`\\bx۾`8\\02q+aAǭ]Rm3x#N\FdF\x=<oBk;f¤,.\0\xF$\\.\\i\n,\\'\m\ZS\ZQPD\\'^LsRtά\8Plj;Q&\"{WaO\>-G*3ֶƢ\\-\\\\@;ka,F\(hC/\U\"6\\}h\,H8SZAKz@n{\m\U\'x ޸\\H\$\ke`O\O\\54Oy$	\f\Uh\zUڊ/;מ\2\Tn\\\	\Gy\8I\\4.\\Ucj\N3wQSqb\{Y\Pn\\r7\(ǭ]nH&5*{lqBr8qM\Tf=PY*\\!$$pf(oKAL0FiG\0{\\\F\0A9\S3\ZPg\P\\@4=Gј\)ڂl\"\x\/U\!}\'c/Z\@\n\\\j\3)2{~֦?~\r\'[\0\0ӱ\0>yA\BHlG\"\Zi\)F虸:]++l帀Hn8&Xs\ȓ`n0]&X36DU\KL@5îĉ\hí\\#6+\4X	2dF\"s\0)O\0<\*Orj\A\0jցrC\\.\\j\^\b<\R<\b5h{\Y\05\\00yC\f6B\ts\Ufsp\\0\i&\Z\Z\*c\1?\+`=&\arjSJ\&Di\'jJ\\\R\\\L\?Q\\\I\\\08\4,o\\<1<\Z\ \'r{\Z\.̖lgs\Qp^U2:I\O\ѱ\\]&\gT+c=\7Kh0dw\eH-l$@ove#Ƒ+\*⫼MY\0\	#<UIi\nF@l\\0Oqv2n\d\Ք涭A\]]ZZD\\⎄\WT\5l\EuuE\uM\\\Z\\V1r%#oj\ȍuua^\mljd]]I\O溺N3e溺\\0xo\6\Y\J6\+WYz\If\\\r\Z\\ę\\n\+4Օs&\%lj\H$q\\\0\\Xc>duƺ[,`L\V<4VRFWd+-\VT1\0j\ e\]zd10dz#\\\\\|\6\\\kh/9c\\P\-_n1\'yb?C]]]\0(\L}vر\\+i\@\}\֔\ۺQQByF#⏭uuQlAҥ\+u\g\"q \\C2\0ȥd\ˌ%o/|\˽\\r\뫪^AinC\0\3BKDD\\J9\3X\Fo\Pu2)`L\	I!uK\FAEh>5Sq>b`\k\\5\-m-\ndL\+e\SԭoE\'r\IN>溺Ff\0\'L\Us;\n\\,\^u\0\0Ht&Ê\\TxC*HPY\ON5ЬH=LWWR\0&A\\O\jB\]]SEQk\\	\\Ө0&Q\쌫@l\sH\0N\uuQɜIPt \]]G\@ڊMuu2Dw\ruufVS615\Րڸ˱ޞuNk?&|A\k=!v\"{\\j\\S@U\r\;WWV2)}.\f\WQ\\r\9\0t)>y\r\\WQtPo]B@f+TT	wK=\T\\a5\ԅ\"ɠ$\]]J\\k3p\↨	&Ⱥ\0U F9\\zmP\\\\/cd9dHd\\Gނ׮5,ɉ\3M\nV\0yDjSάO\\@ɀ@\\GʌNں\'),(25,'testdd135','cc1234','นางสาวซี','4','test@sat.or.th','User','Pending','2025-02-25 04:43:16','2025-02-25 04:43:16','ฝ่ายทรัพยากรบุคคล','กองบริหารทรัพยากรบุคคล กกท.','งานสวัสดิการและแรงงานสัมพันธ์',NULL),(26,'orada','12345','อรดา','8732','orada.s@sat.or.th','User','Approved','2025-02-25 04:44:09','2025-02-25 04:44:45','ฝ่ายการคลัง','กองบัญชี','งานระบบบัญชี',NULL),(27,'test_55','td678','นาย เอเอ','235731325','test5@sat.or.th','User','Pending','2025-02-26 03:14:31','2025-02-26 03:14:31','ฝ่ายทรัพยากรบุคคล','กองพัฒนาทรัพยากรบุคคล กกท.','งานพัฒนาทรัพยากรบุคคล',NULL),(28,'test_eiei','eiei22','นางสาว อุ๊บอิ๊บ','213459999','test5@sat.or.th','User','Approved','2025-02-26 04:23:24','2025-02-26 04:25:14','ฝ่ายนโยบายและแผน','กองแผนงานและงบประมาณ','งานพัฒนาและประสานแผน',NULL),(29,'test1','12345','นายเออ','8712','orada.s@sat.or.th','User','Approved','2025-02-26 10:54:14','2025-02-26 10:56:21','สำนักผู้ว่าการ','กองกลาง','งานธุรการและสารบรรณ',NULL),(30,'kk123','12345','กชกร สารไทย','8714','orada.s@sat.or.th','User','Pending','2025-02-26 11:23:47','2025-02-26 11:23:47','ฝ่ายเทคโนโลยีสารสนเทศ','กองพัฒนาระบบเทคโนโลยีสารสนเทศ','งานสนับสนุนการใช้ระบบเทคโนโลยีสารสนเทศ',NULL);
/*!40000 ALTER TABLE `users` ENABLE KEYS */;
UNLOCK TABLES;

--
-- Table structure for table `users_backup`
--

DROP TABLE IF EXISTS `users_backup`;
/*!40101 SET @saved_cs_client     = @@character_set_client */;
/*!50503 SET character_set_client = utf8mb4 */;
CREATE TABLE `users_backup` (
  `id` int NOT NULL DEFAULT '0',
  `username` varchar(255) NOT NULL,
  `password` varchar(255) NOT NULL,
  `fullName` varchar(255) NOT NULL,
  `phone` varchar(20) DEFAULT NULL,
  `email` varchar(255) DEFAULT NULL,
  `role` varchar(50) DEFAULT 'User',
  `status` varchar(50) DEFAULT 'Pending',
  `createdAt` timestamp NULL DEFAULT CURRENT_TIMESTAMP,
  `updatedAt` timestamp NULL DEFAULT CURRENT_TIMESTAMP ON UPDATE CURRENT_TIMESTAMP,
  `department_name` varchar(255) DEFAULT NULL,
  `section_name` varchar(255) DEFAULT NULL,
  `task_name` varchar(255) DEFAULT NULL
) ENGINE=InnoDB DEFAULT CHARSET=utf8mb4 COLLATE=utf8mb4_0900_ai_ci;
/*!40101 SET character_set_client = @saved_cs_client */;

--
-- Dumping data for table `users_backup`
--

LOCK TABLES `users_backup` WRITE;
/*!40000 ALTER TABLE `users_backup` DISABLE KEYS */;
INSERT INTO `users_backup` VALUES (1,'chayuda23','ch_232545','นางสาวชญุดา เรืองขำ','0992844532','chayudar64@nu.ac.th','Admin','active','2024-12-03 08:38:57','2024-12-11 02:45:47',NULL,NULL,NULL),(7,'admintest1','Ad12345678','นางสาวสมใจ ใจหาย','6','Admintest1@sat.or.th','User','Pending','2024-12-12 06:38:29','2024-12-12 06:38:29','7','3','6');
/*!40000 ALTER TABLE `users_backup` ENABLE KEYS */;
UNLOCK TABLES;

--
-- Dumping events for database 'inventory_management'
--

--
-- Dumping routines for database 'inventory_management'
--
/*!40103 SET TIME_ZONE=@OLD_TIME_ZONE */;

/*!40101 SET SQL_MODE=@OLD_SQL_MODE */;
/*!40014 SET FOREIGN_KEY_CHECKS=@OLD_FOREIGN_KEY_CHECKS */;
/*!40014 SET UNIQUE_CHECKS=@OLD_UNIQUE_CHECKS */;
/*!40101 SET CHARACTER_SET_CLIENT=@OLD_CHARACTER_SET_CLIENT */;
/*!40101 SET CHARACTER_SET_RESULTS=@OLD_CHARACTER_SET_RESULTS */;
/*!40101 SET COLLATION_CONNECTION=@OLD_COLLATION_CONNECTION */;
/*!40111 SET SQL_NOTES=@OLD_SQL_NOTES */;

-- Dump completed on 2025-02-27 11:09:35
